lat,long,compon_n,compon_e,erro_n,erro_e
32,-110,-0.0079,-0.009,0.0006,0.0016
32,-109,-0.0074,-0.0091,0.0006,0.0016
32,-108,-0.0092,-0.0109,0.0027,0.0011
32,-107,-0.0087,-0.011,0.0027,0.0011
32,-106,-0.0082,-0.0111,0.0027,0.0011
31,-110,-0.0079,-0.0084,0.0006,0.0016
31,-109,-0.0074,-0.0085,0.0006,0.0016
31,-108,-0.0084,-0.0093,0.0028,0.0019
31,-107,-0.0087,-0.0104,0.0027,0.0011
31,-106,-0.0082,-0.0105,0.0027,0.0011
31,-105,-0.0077,-0.0106,0.0027,0.0011
30,-110,-0.0079,-0.0078,0.0006,0.0016
30,-109,-0.0089,-0.0085,0.0028,0.0019
30,-108,-0.0088,-0.0088,0.0031,0.0022
30,-107,-0.0083,-0.0088,0.0031,0.0022
30,-106,-0.0074,-0.009,0.0028,0.0019
30,-105,-0.0077,-0.01,0.0027,0.0011
30,-104,-0.007,-0.0104,0.0024,0.0011
29,-110,-0.0077,-0.0076,0.0005,0.0019
29,-109,-0.0088,-0.0085,0.0028,0.002
29,-108,-0.0088,-0.0082,0.0031,0.0022
29,-107,-0.0083,-0.0082,0.0031,0.0022
29,-106,-0.0073,-0.0087,0.0028,0.002
29,-105,-0.0071,-0.01,0.0026,0.0007
29,-104,-0.0076,-0.0102,0.0025,0.0009
29,-103,-0.0071,-0.0103,0.0025,0.0009
29,-102,-0.0066,-0.0103,0.0025,0.0009
28,-110,-0.0077,-0.0071,0.0005,0.0019
28,-109,-0.0072,-0.0072,0.0005,0.0019
28,-108,-0.0067,-0.0073,0.0005,0.0019
28,-107,-0.0078,-0.008,0.0028,0.002
28,-106,-0.008,-0.0092,0.0029,0.0007
28,-105,-0.0071,-0.0094,0.0026,0.0007
28,-104,-0.007,-0.0097,0.0024,0.0008
28,-103,-0.0071,-0.0097,0.0025,0.0009
28,-102,-0.0066,-0.0097,0.0025,0.0009
28,-101,-0.0061,-0.0098,0.0025,0.0009
27,-110,-0.0077,-0.0065,0.0005,0.0019
27,-109,-0.0072,-0.0066,0.0005,0.0019
27,-108,-0.0067,-0.0067,0.0005,0.0019
27,-107,-0.0066,-0.0084,0.0003,0.0006
27,-106,-0.0061,-0.0085,0.0003,0.0006
27,-105,-0.0056,-0.0086,0.0003,0.0006
27,-104,-0.0066,-0.009,0.0023,0.0007
27,-103,-0.0052,-0.0091,0.0004,0.0008
27,-102,-0.006,-0.0092,0.0024,0.0008
27,-101,-0.0057,-0.0097,0.0023,0.0002
27,-100,-0.0048,-0.0097,0.002,0.0003
26,-110,-0.0077,-0.0059,0.0005,0.0019
26,-109,-0.0072,-0.006,0.0005,0.0019
26,-108,-0.0071,-0.0078,0.0003,0.0006
26,-107,-0.0066,-0.0078,0.0003,0.0006
26,-106,-0.0061,-0.0079,0.0003,0.0006
26,-105,-0.0056,-0.008,0.0003,0.0006
26,-104,-0.0054,-0.0083,0.0006,0.0007
26,-103,-0.0052,-0.0085,0.0004,0.0007
26,-102,-0.004,-0.0089,0.0011,0.0003
26,-101,-0.0041,-0.0089,0.0005,0.0003
26,-100,-0.0041,-0.0091,0.0008,0.0004
26,-99,-0.0036,-0.0091,0.0008,0.0004
25,-109,-0.0073,-0.0059,0.0006,0.0019
25,-108,-0.0071,-0.0072,0.0003,0.0006
25,-107,-0.0066,-0.0073,0.0003,0.0006
25,-106,-0.0061,-0.0073,0.0003,0.0006
25,-105,-0.0056,-0.0074,0.0003,0.0006
25,-104,-0.0055,-0.008,0.0006,0.0004
25,-103,-0.0045,-0.0083,0.0011,0.0003
25,-102,-0.004,-0.0083,0.0011,0.0003
25,-101,-0.0035,-0.0084,0.0011,0.0003
25,-100,-0.0041,-0.0085,0.0008,0.0004
25,-99,-0.0036,-0.0085,0.0008,0.0004
25,-98,-0.0031,-0.0086,0.0008,0.0004
25,-79,0.002,-0.0081,0.0001,0.0009
25,-78,0.0025,-0.0081,0.0001,0.0009
25,-77,0.0031,-0.0079,0.0002,0.0008
24,-108,-0.0071,-0.0066,0.0003,0.0006
24,-107,-0.0062,-0.0069,0.0008,0.0007
24,-106,-0.0055,-0.0072,0.0009,0.0004
24,-105,-0.0053,-0.0072,0.0008,0.0004
24,-104,-0.0046,-0.0074,0.0008,0.0004
24,-103,-0.0041,-0.0076,0.0009,0.0003
24,-102,-0.004,-0.0077,0.0011,0.0003
24,-101,-0.0034,-0.0079,0.0012,0.0003
24,-100,-0.0041,-0.0079,0.0008,0.0004
24,-99,-0.0036,-0.0079,0.0008,0.0004
24,-98,-0.0031,-0.008,0.0008,0.0004
24,-79,0.0021,-0.0082,0.0002,0.0008
24,-78,0.0026,-0.0081,0.0002,0.0008
24,-77,0.003,-0.008,0.0004,0.0009
24,-76,0.0035,-0.008,0.0004,0.0009
24,-75,0.004,-0.0079,0.0004,0.0009
23,-107,-0.006,-0.0067,0.0009,0.0004
23,-106,-0.0055,-0.0067,0.0009,0.0004
23,-105,-0.005,-0.0067,0.0009,0.0004
23,-104,-0.0046,-0.0069,0.0009,0.0003
23,-103,-0.0041,-0.007,0.0009,0.0003
23,-102,-0.0037,-0.0072,0.001,0.0004
23,-101,-0.0032,-0.0073,0.001,0.0004
23,-100,-0.0039,-0.0073,0.0008,0.0004
23,-99,-0.0036,-0.0074,0.0007,0.0003
23,-98,-0.0031,-0.0074,0.0008,0.0004
23,-97,-0.003,-0.0072,0.001,0.0005
23,-79,0.0021,-0.0073,0.0002,0.0009
23,-78,0.0026,-0.0073,0.0002,0.0009
23,-77,0.0031,-0.0072,0.0002,0.0009
23,-76,0.0034,-0.0079,0.0004,0.0002
23,-75,0.0038,-0.0078,0.0004,0.0002
23,-74,0.0043,-0.0078,0.0004,0.0002
23,-73,0.0044,-0.0077,0.0002,0.0002
22,-106,-0.0042,-0.0053,0.0026,0.0015
22,-105,-0.0029,-0.0053,0.0028,0.0018
22,-104,-0.0036,-0.0057,0.0026,0.0015
22,-103,-0.0042,-0.0066,0.001,0.0004
22,-102,-0.0035,-0.0066,0.001,0.0004
22,-101,-0.0033,-0.0067,0.001,0.0004
22,-100,-0.0033,-0.0068,0.0013,0.0004
22,-99,-0.0035,-0.0067,0.0008,0.0004
22,-98,-0.0035,-0.0064,0.001,0.0005
22,-97,-0.003,-0.0064,0.001,0.0005
22,-96,-0.0025,-0.0064,0.001,0.0005
22,-80,0.0017,-0.0064,0.0003,0.0006
22,-79,0.0022,-0.0064,0.0003,0.0006
22,-78,0.0028,-0.0068,0.0003,0.0006
22,-77,0.0032,-0.007,0.0002,0.0005
22,-76,0.0037,-0.0069,0.0002,0.0005
22,-75,0.0039,-0.0071,0.0004,0.0005
22,-74,0.0043,-0.0072,0.0004,0.0002
22,-73,0.004,-0.0058,0.0008,0.0024
22,-72,0.0043,-0.0051,0.0009,0.0026
21,-106,-0.0034,-0.0047,0.0028,0.0018
21,-105,-0.0029,-0.0047,0.0028,0.0018
21,-104,-0.0025,-0.0048,0.003,0.0019
21,-103,-0.0022,-0.005,0.003,0.0018
21,-102,-0.0037,-0.006,0.001,0.0004
21,-101,-0.0034,-0.0061,0.001,0.0004
21,-100,-0.0037,-0.0058,0.0005,0.0004
21,-99,-0.0042,-0.0059,0.0007,0.0005
21,-98,-0.004,-0.0058,0.0006,0.0006
21,-97,-0.0035,-0.0058,0.0006,0.0006
21,-96,-0.003,-0.0058,0.0006,0.0006
21,-95,-0.0026,-0.0063,0.0005,0.0008
21,-94,-0.0021,-0.0068,0.0005,0.0002
21,-93,-0.002,-0.0068,0.0008,0.0002
21,-92,-0.0016,-0.0068,0.0008,0.0002
21,-91,-0.0019,-0.0068,0.0005,0.0001
21,-90,-0.0014,-0.0068,0.0005,0.0001
21,-89,-0.0009,-0.0067,0.0005,0.0001
21,-88,-0.001,-0.0068,0.0004,0.0003
21,-87,-0.0007,-0.0068,0.0002,0.0003
21,-86,-0.0002,-0.0068,0.0002,0.0003
21,-85,0.0004,-0.0068,0.0002,0.0003
21,-84,0.0004,-0.007,0.0006,0.0003
21,-83,0.0003,-0.0061,0.0002,0.0008
21,-82,0.0008,-0.006,0.0002,0.0008
21,-81,0.0013,-0.006,0.0002,0.0008
21,-80,0.0017,-0.0061,0.0003,0.0008
21,-79,0.0022,-0.0057,0.0003,0.0006
21,-78,0.0027,-0.0059,0.0003,0.0005
21,-77,0.0033,-0.0062,0.0003,0.0006
21,-76,0.0034,-0.0062,0.0002,0.0004
21,-75,0.004,-0.0064,0.0003,0.0005
21,-74,0.0037,-0.0043,0.0011,0.0024
21,-73,0.0038,-0.0046,0.0009,0.0026
21,-72,0.0045,-0.0035,0.0008,0.0028
21,-71,0.0051,-0.0036,0.0012,0.0023
20,-106,-0.0043,-0.0044,0.0029,0.0016
20,-105,-0.0028,-0.0039,0.003,0.0018
20,-104,-0.0017,-0.0036,0.0029,0.0018
20,-103,-0.0016,-0.0039,0.0029,0.0018
20,-102,-0.0018,-0.0045,0.003,0.0018
20,-101,-0.0042,-0.0052,0.0005,0.0004
20,-100,-0.0046,-0.0051,0.0008,0.0005
20,-99,-0.0041,-0.005,0.0008,0.0005
20,-98,-0.004,-0.0052,0.0006,0.0006
20,-97,-0.0035,-0.0052,0.0006,0.0006
20,-96,-0.0013,-0.0054,0.0029,0.0005
20,-95,-0.0007,-0.0056,0.0028,0.0007
20,-94,-0.0015,-0.0059,0.0024,0.0011
20,-93,-0.0022,-0.0066,0.0008,0.0007
20,-92,-0.0015,-0.0062,0.0008,0.0002
20,-91,-0.0015,-0.0066,0.0008,0.0007
20,-90,-0.0014,-0.0062,0.0005,0.0001
20,-89,-0.0009,-0.0063,0.0005,0.0003
20,-88,-0.001,-0.0064,0.0003,0.0004
20,-87,-0.0007,-0.0062,0.0002,0.0003
20,-86,-0.0002,-0.0062,0.0002,0.0003
20,-85,0.0004,-0.0048,0.0001,0.002
20,-84,0.0005,-0.0053,0.0006,0.0019
20,-83,0.0005,-0.0045,0.0007,0.0019
20,-82,0.0008,-0.0054,0.0002,0.0008
20,-81,0.0013,-0.0054,0.0002,0.0007
20,-80,0.0018,-0.0053,0.0002,0.0007
20,-79,0.0022,-0.0051,0.0003,0.0006
20,-78,0.0027,-0.0051,0.0003,0.0005
20,-77,0.0046,0.0019,0.0013,0.0061
20,-76,0.0041,-0.0026,0.0011,0.0048
20,-75,0.0052,-0.0021,0.0022,0.0061
20,-74,0.0037,-0.0037,0.0011,0.0024
20,-73,0.0039,-0.0019,0.0009,0.0026
20,-72,0.0049,-0.0006,0.0011,0.0035
20,-71,0.0055,0.0005,0.0012,0.0046
19,-105,-0.0027,-0.0032,0.003,0.0018
19,-104,-0.0006,-0.0024,0.0026,0.0015
19,-103,-0.003,-0.0031,0.003,0.0016
19,-102,-0.0023,-0.0034,0.0035,0.0017
19,-101,-0.0024,-0.0037,0.0035,0.0017
19,-100,-0.0046,-0.0045,0.0008,0.0004
19,-99,-0.0034,-0.0045,0.0023,0.0004
19,-98,-0.0039,-0.0043,0.002,0.0002
19,-97,-0.0017,-0.0044,0.0028,0.0003
19,-96,-0.0012,-0.005,0.0028,0.0007
19,-95,-0.0007,-0.005,0.0028,0.0007
19,-94,-0.0003,-0.005,0.0025,0.0008
19,-93,-0.0014,-0.0056,0.0013,0.0013
19,-92,-0.0015,-0.0062,0.0007,0.0007
19,-91,-0.001,-0.0063,0.0007,0.0007
19,-90,-0.0013,-0.0062,0.0005,0.0007
19,-89,-0.001,-0.0062,0.0005,0.0005
19,-88,-0.0008,-0.0062,0.0002,0.0006
19,-87,-0.0004,-0.0057,0.0003,0.0004
19,-86,0,-0.0058,0.0003,0.0004
19,-85,0.0004,-0.0042,0.0001,0.002
19,-84,0.0006,-0.0047,0.0006,0.0019
19,-83,0.0006,-0.0038,0.0006,0.0019
19,-82,0.0008,-0.005,0.0002,0.0008
19,-81,0.0013,-0.0049,0.0002,0.0007
19,-80,0.0018,-0.0047,0.0002,0.0007
19,-79,0.0034,0.0009,0.0012,0.0057
19,-78,0.0052,0.0075,0.0001,0.0006
19,-77,0.0051,0.0045,0.0011,0.0052
19,-76,0.0058,0.0055,0.0011,0.0051
19,-75,0.0067,0.0052,0.0017,0.0056
19,-74,0.0052,0.0035,0.0026,0.0053
19,-73,0.0059,0.0052,0.0025,0.0041
19,-72,0.0055,0.0031,0.0014,0.0044
19,-71,0.0059,0.0033,0.0013,0.0043
19,-70,0.0067,0.0024,0.0011,0.0045
19,-69,0.0071,0.0038,0.0011,0.0047
19,-68,0.0103,0.0088,0.0015,0.001
19,-67,0.0118,0.0094,0.0009,0.0008
19,-66,0.0125,0.0099,0.0004,0.0006
19,-65,0.0128,0.0098,0.0004,0.0006
19,-64,0.0133,0.0099,0.0004,0.0007
19,-63,0.0142,0.0099,0.0004,0.0004
18,-103,-0.0024,-0.0026,0.0035,0.0017
18,-102,-0.0024,-0.0029,0.0035,0.0017
18,-101,-0.0027,-0.0026,0.0039,0.0014
18,-100,-0.0033,-0.0039,0.0024,0.0004
18,-99,-0.0028,-0.0038,0.0028,0.0003
18,-98,-0.0022,-0.0039,0.0028,0.0003
18,-97,-0.0011,-0.0039,0.0027,0.0003
18,-96,-0.0012,-0.0044,0.0028,0.0007
18,-95,-0.0006,-0.0041,0.0025,0.0008
18,-94,0.0001,-0.0042,0.0022,0.0009
18,-93,-0.0011,-0.005,0.0013,0.0014
18,-92,-0.0006,-0.0051,0.0013,0.0014
18,-91,-0.0027,-0.0074,0.001,0.0015
18,-90,-0.0022,-0.0071,0.001,0.0014
18,-89,-0.0016,-0.0067,0.0009,0.0011
18,-88,-0.0008,-0.0057,0.0002,0.0006
18,-87,0.0013,-0.0015,0.0027,0.0069
18,-86,0.0023,0.0014,0.0029,0.0067
18,-85,0.0029,0.0014,0.0029,0.0067
18,-84,0.0027,0.0014,0.0034,0.0067
18,-83,0.0008,-0.0028,0.0006,0.0018
18,-82,0.0011,-0.0033,0.0006,0.0019
18,-81,0.0013,-0.0042,0.0002,0.0008
18,-80,0.0018,-0.0042,0.0002,0.0008
18,-79,0.0034,0.0012,0.0015,0.0064
18,-78,0.0054,0.0086,0.0003,0.001
18,-77,0.0059,0.0086,0.0003,0.0009
18,-76,0.0064,0.0086,0.0003,0.001
18,-75,0.0073,0.0088,0.0009,0.0009
18,-74,0.0073,0.009,0.002,0.0009
18,-73,0.0076,0.0093,0.0019,0.0011
18,-72,0.0068,0.0074,0.002,0.0034
18,-71,0.0069,0.0083,0.0009,0.0027
18,-70,0.0069,0.0063,0.0012,0.0041
18,-69,0.0081,0.0082,0.0016,0.0013
18,-68,0.0105,0.0094,0.0014,0.0009
18,-67,0.0121,0.0103,0.0009,0.0007
18,-66,0.0124,0.0104,0.0004,0.0006
18,-65,0.0127,0.0105,0.0004,0.0006
18,-64,0.0133,0.0105,0.0004,0.0007
18,-63,0.0157,0.0107,0.0032,0.0011
18,-62,0.0167,0.0107,0.0034,0.0011
18,-61,0.0178,0.0109,0.0036,0.0012
17,-101,-0.0027,-0.002,0.004,0.0014
17,-100,-0.003,-0.0032,0.0028,0.0003
17,-99,-0.0025,-0.0033,0.0028,0.0003
17,-98,-0.0017,-0.0033,0.0028,0.0003
17,-97,0.0007,-0.0035,0.0023,0.0003
17,-96,-0.0012,-0.0038,0.0028,0.0007
17,-95,0.0004,-0.0036,0.0023,0.0009
17,-94,0.0004,-0.0036,0.0022,0.0009
17,-93,-0.0018,-0.0048,0.0017,0.0014
17,-92,-0.0021,-0.0057,0.0019,0.0019
17,-91,-0.0023,-0.0061,0.0016,0.0017
17,-90,-0.0023,-0.0065,0.0008,0.0012
17,-89,-0.0014,-0.0057,0.001,0.0023
17,-88,0.0002,-0.0025,0.0024,0.0062
17,-87,0.0028,0.0025,0.0027,0.0074
17,-86,0.0022,0.0015,0.0027,0.0067
17,-85,0.0033,0.0042,0.0026,0.007
17,-84,0.0045,0.0073,0.0027,0.0053
17,-83,0.0023,0.0016,0.0023,0.0066
17,-82,0.002,-0.0001,0.002,0.0056
17,-81,0.0016,-0.0027,0.0007,0.0019
17,-80,0.0026,0,0.0014,0.0061
17,-79,0.0049,0.0091,0.0003,0.001
17,-78,0.0054,0.0092,0.0003,0.001
17,-77,0.006,0.0095,0.0004,0.001
17,-76,0.0065,0.0096,0.0004,0.001
17,-75,0.0076,0.0095,0.001,0.0009
17,-74,0.0073,0.0096,0.002,0.0009
17,-73,0.0076,0.0098,0.0019,0.0011
17,-72,0.0068,0.01,0.001,0.0011
17,-71,0.0073,0.0101,0.001,0.0009
17,-70,0.0072,0.0093,0.0003,0.0008
17,-69,0.0078,0.0087,0.0006,0.0002
17,-68,0.0113,0.0104,0.0011,0.0009
17,-67,0.0122,0.0108,0.0003,0.0002
17,-66,0.0124,0.011,0.0004,0.0006
17,-65,0.0127,0.0111,0.0004,0.0007
17,-64,0.015,0.011,0.0032,0.0011
17,-63,0.0159,0.0112,0.0034,0.0011
17,-62,0.0162,0.0114,0.0033,0.0011
17,-61,0.0169,0.0115,0.0035,0.0011
17,-60,0.0155,0.0117,0.0006,0.0003
16,-98,-0.0019,-0.0027,0.0028,0.0003
16,-97,-0.0011,-0.0027,0.0028,0.0003
16,-96,-0.0011,-0.0029,0.0025,0.0008
16,-95,0.0004,-0.003,0.0023,0.0009
16,-94,-0.0029,-0.0045,0.0017,0.0014
16,-93,-0.0026,-0.0046,0.0018,0.0016
16,-92,-0.0014,-0.0044,0.0014,0.0013
16,-91,-0.0022,-0.0052,0.0022,0.0025
16,-90,-0.0023,-0.0057,0.0014,0.0035
16,-89,-0.0012,-0.0043,0.0018,0.0044
16,-88,0.0007,0,0.0029,0.0072
16,-87,0.0042,0.0062,0.0019,0.0047
16,-86,0.0035,0.0065,0.0027,0.0046
16,-85,0.004,0.0079,0.0027,0.0053
16,-84,0.0045,0.0079,0.0027,0.0053
16,-83,0.0036,0.0073,0.0016,0.0051
16,-82,0.0042,0.0076,0.0016,0.0051
16,-81,0.0047,0.0077,0.0016,0.0051
16,-80,0.0043,0.0071,0.0017,0.0061
16,-79,0.0054,0.0111,0.0001,0.0006
16,-78,0.0054,0.0097,0.0003,0.001
16,-77,0.0061,0.0102,0.0003,0.001
16,-76,0.0065,0.01,0.0004,0.001
16,-75,0.0073,0.0099,0.0009,0.0009
16,-74,0.0073,0.0102,0.002,0.0009
16,-73,0.0076,0.0104,0.0019,0.0011
16,-72,0.0068,0.0105,0.001,0.0011
16,-71,0.0068,0.0097,0.001,0.0016
16,-70,0.0077,0.0103,0.0009,0.001
16,-69,0.0087,0.0099,0.0017,0.001
16,-68,0.0113,0.0109,0.0011,0.0009
16,-67,0.0123,0.0115,0.0003,0.0002
16,-66,0.0123,0.0121,0.0003,0.0008
16,-65,0.0126,0.0117,0.0003,0.0008
16,-64,0.0162,0.0118,0.0039,0.0014
16,-63,0.0161,0.0119,0.0037,0.0012
16,-62,0.0163,0.0121,0.0035,0.0012
16,-61,0.0167,0.0122,0.0036,0.0012
16,-60,0.0145,0.0126,0.0003,0.0008
15,-93,-0.0022,-0.0039,0.0019,0.0018
15,-92,-0.0015,-0.0031,0.0028,0.0026
15,-91,-0.0006,-0.0026,0.0028,0.0039
15,-90,-0.0007,-0.0016,0.0023,0.0047
15,-89,0.0004,0.0001,0.0025,0.0052
15,-88,0.002,0.0068,0.0012,0.0032
15,-87,0.004,0.0099,0.0013,0.0018
15,-86,0.0046,0.01,0.0013,0.0019
15,-85,0.0053,0.0106,0.0012,0.0021
15,-84,0.0045,0.0085,0.0027,0.0053
15,-83,0.0039,0.0096,0.0016,0.005
15,-82,0.0052,0.0122,0.0006,0.0005
15,-81,0.0057,0.0122,0.0006,0.0005
15,-80,0.0055,0.012,0.0005,0.0006
15,-79,0.0054,0.011,0.0007,0.0012
15,-78,0.0056,0.0108,0.0003,0.001
15,-77,0.006,0.0105,0.0004,0.001
15,-76,0.0065,0.0105,0.0004,0.001
15,-75,0.0073,0.0107,0.0008,0.001
15,-74,0.0094,0.0112,0.0013,0.0004
15,-73,0.0098,0.0109,0.0031,0.0008
15,-72,0.0102,0.0118,0.0016,0.0006
15,-71,0.0107,0.0118,0.0016,0.0006
15,-70,0.0101,0.0116,0.0021,0.0008
15,-69,0.0104,0.0114,0.002,0.0012
15,-68,0.012,0.0121,0.0004,0.0002
15,-67,0.0121,0.0122,0.0005,0.0006
15,-66,0.0122,0.0124,0.0004,0.0009
15,-65,0.0144,0.0122,0.0033,0.0011
15,-64,0.0162,0.0123,0.0039,0.0013
15,-63,0.0165,0.0125,0.004,0.0013
15,-62,0.0152,0.0129,0.0033,0.0012
15,-61,0.0141,0.0132,0.0003,0.0006
15,-60,0.0145,0.0134,0.0003,0.0006
15,-59,0.0148,0.0131,0.0004,0.0008
14,-92,0.0003,-0.0015,0.0033,0.003
14,-91,0.0022,0.0012,0.003,0.0042
14,-90,0.0018,0.0026,0.0029,0.0048
14,-89,0.0015,0.0044,0.0022,0.0048
14,-88,0.002,0.0076,0.0012,0.0032
14,-87,0.0033,0.009,0.0015,0.0011
14,-86,0.0045,0.0088,0.0013,0.0012
14,-85,0.0052,0.0095,0.0012,0.0022
14,-84,0.0051,0.0114,0.0013,0.0019
14,-83,0.005,0.0128,0.0006,0.0005
14,-82,0.0052,0.0128,0.0006,0.0005
14,-81,0.0056,0.0128,0.0006,0.0005
14,-80,0.0062,0.0128,0.0006,0.0005
14,-79,0.006,0.0126,0.0005,0.0006
14,-78,0.0064,0.0111,0.0015,0.0018
14,-77,0.0086,0.0104,0.0024,0.0019
14,-76,0.0098,0.0104,0.0025,0.0018
14,-75,0.0123,0.0098,0.0011,0.0014
14,-74,0.0128,0.0109,0.0013,0.0004
14,-73,0.0133,0.0109,0.0013,0.0004
14,-72,0.0124,0.0118,0.0018,0.0008
14,-71,0.0114,0.0123,0.0008,0.0006
14,-70,0.0119,0.0123,0.0008,0.0006
14,-69,0.0123,0.0124,0.0008,0.0006
14,-68,0.012,0.0127,0.0004,0.0001
14,-67,0.0125,0.0127,0.0004,0.0002
14,-66,0.0126,0.0128,0.0006,0.0007
14,-65,0.0126,0.0129,0.0016,0.0013
14,-64,0.0125,0.0134,0.0005,0.0007
14,-63,0.0129,0.0135,0.0006,0.0007
14,-62,0.0134,0.0135,0.0006,0.0007
14,-61,0.0138,0.0142,0.0005,0.0005
14,-60,0.0145,0.0138,0.0004,0.0007
14,-59,0.0149,0.0134,0.0004,0.0006
14,-58,0.0154,0.0136,0.0004,0.0006
13,-89,0.0028,0.0075,0.0021,0.0042
13,-88,0.0021,0.01,0.0008,0.0009
13,-87,0.0038,0.0095,0.0012,0.0012
13,-86,0.0047,0.0093,0.0013,0.0012
13,-85,0.0051,0.0107,0.0013,0.002
13,-84,0.0052,0.0116,0.0013,0.0022
13,-83,0.0047,0.0133,0.0006,0.0005
13,-82,0.0051,0.0133,0.0006,0.0005
13,-81,0.0055,0.0134,0.0006,0.0005
13,-80,0.0062,0.0134,0.0006,0.0005
13,-79,0.0086,0.0147,0.0026,0.0015
13,-78,0.0085,0.0113,0.0019,0.0023
13,-77,0.0102,0.0101,0.0017,0.0019
13,-76,0.0121,0.0095,0.0008,0.0012
13,-75,0.0126,0.0095,0.0008,0.0012
13,-74,0.013,0.0109,0.0012,0.0009
13,-73,0.0133,0.0115,0.0013,0.0004
13,-72,0.0124,0.0123,0.0018,0.0007
13,-71,0.0115,0.0127,0.0007,0.0005
13,-70,0.0117,0.013,0.0007,0.0005
13,-69,0.0121,0.013,0.0007,0.0005
13,-68,0.0128,0.013,0.0008,0.0006
13,-67,0.0133,0.0123,0.0014,0.0016
13,-66,0.0123,0.0134,0.0012,0.0004
13,-65,0.0122,0.0138,0.0007,0.0007
13,-64,0.0125,0.0138,0.0007,0.0006
13,-63,0.0126,0.0137,0.0006,0.0007
13,-62,0.0134,0.0139,0.0007,0.0006
13,-61,0.0137,0.0139,0.0005,0.0007
13,-60,0.0142,0.0138,0.0006,0.0006
13,-59,0.0149,0.0138,0.0004,0.0006
13,-58,0.0154,0.014,0.0004,0.0006
12,-88,0.0029,0.0104,0.0019,0.0012
12,-87,0.0053,0.0089,0.0021,0.002
12,-86,0.0063,0.0086,0.0024,0.0022
12,-85,0.0069,0.0086,0.0024,0.0022
12,-84,0.011,0.0111,0.0048,0.0022
12,-83,0.006,0.0146,0.0022,0.0023
12,-82,0.0069,0.0151,0.0026,0.0016
12,-81,0.0065,0.0151,0.0018,0.0016
12,-80,0.0073,0.0148,0.0023,0.0014
12,-79,0.0088,0.0154,0.0026,0.0015
12,-78,0.0099,0.0129,0.0019,0.0034
12,-77,0.0102,0.0106,0.0017,0.0019
12,-76,0.0107,0.0106,0.0017,0.0019
12,-75,0.0117,0.0109,0.0017,0.0017
12,-74,0.0136,0.0102,0.0009,0.0014
12,-73,0.0138,0.0112,0.0014,0.0015
12,-72,0.0134,0.0113,0.0011,0.0014
12,-71,0.0125,0.0119,0.0012,0.002
12,-70,0.0117,0.0135,0.0007,0.0005
12,-69,0.0119,0.0136,0.0009,0.0014
12,-68,0.013,0.0127,0.0014,0.0021
12,-67,0.0139,0.0126,0.0013,0.0019
12,-66,0.0123,0.0139,0.0012,0.0004
12,-65,0.0116,0.0135,0.0005,0.0007
12,-64,0.0121,0.0136,0.0005,0.0007
12,-63,0.0125,0.0136,0.0005,0.0007
12,-62,0.0129,0.0133,0.0005,0.0008
12,-61,0.0134,0.0137,0.0005,0.0009
12,-60,0.0138,0.0136,0.0005,0.0008
12,-59,0.0143,0.0139,0.0005,0.001
12,-58,0.0147,0.0138,0.0005,0.001
11,-87,0.0068,0.0071,0.0013,0.0016
11,-86,0.0104,0.0099,0.0057,0.0028
11,-85,0.0109,0.0099,0.005,0.0024
11,-84,0.0124,0.0125,0.0052,0.0048
11,-83,0.0146,0.0153,0.005,0.0046
11,-82,0.008,0.0172,0.0022,0.0012
11,-81,0.0082,0.0167,0.0019,0.0012
11,-80,0.0113,0.0177,0.0006,0.0004
11,-79,0.0118,0.0177,0.0006,0.0004
11,-78,0.0118,0.0179,0.0018,0.0024
11,-77,0.0102,0.0112,0.0017,0.0019
11,-76,0.011,0.0114,0.0016,0.0015
11,-75,0.0122,0.0107,0.0015,0.0015
11,-74,0.0136,0.0109,0.0014,0.0018
11,-73,0.0143,0.0105,0.0011,0.0016
11,-72,0.0139,0.0113,0.0014,0.0016
11,-71,0.0132,0.0123,0.0016,0.0017
11,-70,0.0125,0.0128,0.0014,0.0021
11,-69,0.0126,0.0131,0.0014,0.0021
11,-68,0.0132,0.013,0.0015,0.0021
11,-67,0.0138,0.013,0.0015,0.0021
11,-66,0.0124,0.0143,0.0009,0.0006
11,-65,0.0116,0.0141,0.0005,0.0007
11,-64,0.012,0.0137,0.0005,0.0008
11,-63,0.0124,0.0137,0.0005,0.0008
11,-62,0.0129,0.0138,0.0005,0.0008
11,-61,0.0133,0.0138,0.0005,0.0008
11,-60,0.0138,0.014,0.0004,0.0008
11,-59,0.0142,0.0136,0.0002,0.0005
11,-58,0.0147,0.0137,0.0002,0.0005
10,-86,0.0116,0.0105,0.0058,0.0031
10,-85,0.0133,0.0127,0.0054,0.0046
10,-84,0.0145,0.0141,0.0054,0.0055
10,-83,0.0094,0.0184,0.0038,0.0049
10,-82,0.014,0.0213,0.0058,0.0025
10,-81,0.0101,0.0194,0.0017,0.0018
10,-80,0.0108,0.0196,0.0017,0.0017
10,-79,0.012,0.0196,0.0006,0.0018
10,-78,0.0123,0.0203,0.0004,0.002
10,-77,0.0107,0.0174,0.0016,0.0041
10,-76,0.0109,0.013,0.0012,0.0032
10,-75,0.0118,0.0122,0.0018,0.0032
10,-74,0.0125,0.0105,0.0017,0.0018
10,-73,0.0142,0.0096,0.0009,0.0005
10,-72,0.0144,0.0098,0.0007,0.0002
10,-71,0.0143,0.0081,0.0007,0.0024
10,-70,0.0119,0.0026,0.0015,0.0057
10,-69,0.012,0.0026,0.0015,0.0057
10,-68,0.0126,0.0027,0.0011,0.0041
10,-67,0.0124,0.0014,0.001,0.0036
10,-66,0.0123,0.0022,0.0013,0.005
10,-65,0.0124,0.0023,0.0013,0.005
10,-64,0.0119,0.0013,0.0008,0.0017
10,-63,0.0119,0.0003,0.0007,0.0023
10,-62,0.0121,0.0003,0.0008,0.0024
10,-61,0.0121,-0.0001,0.0008,0.0025
9,-84,0.015,0.0172,0.0048,0.005
9,-83,0.0144,0.0186,0.0049,0.0049
9,-82,0.0128,0.0215,0.0058,0.0023
9,-81,0.0112,0.0203,0.0023,0.0021
9,-80,0.0107,0.0198,0.0016,0.0017
9,-79,0.0115,0.0203,0.0016,0.002
9,-78,0.0121,0.02,0.0007,0.002
9,-77,0.0112,0.0175,0.0011,0.0041
9,-76,0.0112,0.0138,0.0014,0.0031
9,-75,0.0118,0.0123,0.0016,0.0032
9,-74,0.0129,0.0103,0.0013,0.0018
9,-73,0.0136,0.0081,0.0009,0.0028
9,-72,0.0135,0.0069,0.0005,0.0025
9,-71,0.0127,0.0038,0.0017,0.0056
9,-70,0.0129,0.0039,0.0017,0.0056
9,-69,0.012,0.0027,0.0015,0.0057
9,-68,0.0122,0.0022,0.0013,0.005
9,-67,0.0117,-0.0003,0.0008,0.002
9,-66,0.0117,0.0001,0.0008,0.002
9,-65,0.0118,0.0005,0.0008,0.002
9,-64,0.0118,-0.0001,0.0007,0.0023
9,-63,0.0119,0,0.0007,0.0024
9,-62,0.0121,0.0001,0.0008,0.0025
9,-61,0.012,-0.0008,0.0007,0.0025
8,-83,0.0161,0.0227,0.0054,0.0021
8,-82,0.0132,0.0226,0.0053,0.002
8,-81,0.0108,0.0209,0.0021,0.002
8,-80,0.0106,0.0201,0.0017,0.0017
8,-79,0.0114,0.0204,0.0016,0.002
8,-78,0.0121,0.0202,0.0008,0.0025
8,-77,0.0118,0.0184,0.0013,0.0043
8,-76,0.0116,0.0138,0.0011,0.0033
8,-75,0.0134,0.0089,0.001,0.0032
8,-74,0.0133,0.0078,0.0008,0.0028
8,-73,0.0135,0.0061,0.0006,0.0018
8,-72,0.0131,0.0048,0.0012,0.0038
8,-71,0.0122,0.0007,0.0016,0.0036
8,-70,0.0124,0.0007,0.0017,0.0037
8,-69,0.0121,0.001,0.0016,0.0035
8,-68,0.0129,0.0031,0.0014,0.0042
8,-67,0.0117,-0.0003,0.0008,0.0021
8,-66,0.0117,0,0.0008,0.0021
8,-65,0.0118,0.0003,0.0008,0.0021
8,-64,0.0121,0,0.0006,0.0024
8,-63,0.0122,0.0001,0.0006,0.0024
8,-62,0.012,-0.0007,0.0007,0.0025
8,-61,0.0122,-0.0017,0.0007,0.0017
8,-60,0.0119,-0.0026,0.0007,0.002
8,-59,0.0116,-0.0034,0.0001,0.0003
7,-78,0.0119,0.0203,0.001,0.0029
7,-77,0.0131,0.0101,0.0019,0.0055
7,-76,0.0138,0.0089,0.0014,0.0043
7,-75,0.0142,0.0063,0.0006,0.002
7,-74,0.0144,0.006,0.0007,0.0024
7,-73,0.0135,0.0054,0.0009,0.002
7,-72,0.013,0.0035,0.0014,0.0035
7,-71,0.011,-0.0017,0.0012,0.0026
7,-70,0.012,-0.0001,0.0016,0.0035
7,-69,0.0127,0.0015,0.0017,0.0038
7,-68,0.0127,0.0019,0.0016,0.0033
7,-67,0.0117,-0.0003,0.0008,0.0021
7,-66,0.0117,-0.0001,0.0008,0.0021
7,-65,0.0117,-0.0007,0.0007,0.0024
7,-64,0.0121,-0.0001,0.0006,0.0024
7,-63,0.0122,-0.0001,0.0006,0.0024
7,-62,0.0122,-0.0016,0.0007,0.0017
7,-61,0.0121,-0.0019,0.0007,0.0016
7,-60,0.0116,-0.0034,0.0002,0.0002
7,-59,0.0116,-0.0034,0.0001,0.0003
7,-58,0.0116,-0.0033,0.0001,0.0003
6,-78,0.013,0.01,0.0018,0.0052
6,-77,0.0144,0.0044,0.0005,0.0015
6,-76,0.0145,0.0049,0.0005,0.0014
6,-75,0.0143,0.0043,0.0009,0.002
6,-74,0.014,0.0042,0.001,0.002
6,-73,0.0134,0.0033,0.0011,0.0021
6,-72,0.0123,0.0017,0.0013,0.0027
6,-71,0.0113,0.0005,0.0022,0.0033
6,-70,0.0116,0.0009,0.0024,0.0037
6,-69,0.0119,0.0011,0.0024,0.0037
6,-68,0.0103,-0.0011,0.0011,0.0019
6,-67,0.0104,-0.001,0.0011,0.0019
6,-66,0.0117,-0.0001,0.0008,0.0022
6,-65,0.012,-0.0002,0.0006,0.0024
6,-64,0.0121,-0.0001,0.0006,0.0024
6,-63,0.0119,-0.0009,0.0007,0.0025
6,-62,0.0121,-0.0018,0.0007,0.0016
6,-61,0.012,-0.0021,0.0007,0.0016
6,-60,0.0116,-0.0033,0.0002,0.0002
6,-59,0.0117,-0.0033,0.0002,0.0002
6,-58,0.0116,-0.0034,0.0001,0.0003
6,-57,0.0115,-0.0036,0.0001,0.0001
6,-56,0.0118,-0.0032,0.0001,0.0003
6,-55,0.0118,-0.0032,0.0001,0.0002
6,-54,0.0119,-0.0033,0.0001,0.0003
5,-78,0.014,0.0058,0.0008,0.001
5,-77,0.014,0.0048,0.0008,0.0018
5,-76,0.0142,0.0047,0.0006,0.0015
5,-75,0.0141,0.004,0.0012,0.0025
5,-74,0.0138,0.0029,0.0012,0.0026
5,-73,0.013,0.0014,0.0015,0.0028
5,-72,0.0115,0.0013,0.002,0.0019
5,-71,0.0103,-0.0012,0.0016,0.0018
5,-70,0.0109,-0.0004,0.0016,0.0023
5,-69,0.012,0.0001,0.0017,0.0037
5,-68,0.012,0.0001,0.0016,0.0035
5,-67,0.0106,-0.0015,0.001,0.0019
5,-66,0.0106,-0.0014,0.001,0.0019
5,-65,0.0119,-0.0017,0.0007,0.0022
5,-64,0.012,-0.0017,0.0007,0.0022
5,-63,0.012,-0.0017,0.0007,0.0017
5,-62,0.012,-0.0019,0.0007,0.0016
5,-61,0.0115,-0.0033,0.0002,0.0002
5,-60,0.0116,-0.0033,0.0002,0.0002
5,-59,0.0117,-0.0034,0.0002,0.0002
5,-58,0.0116,-0.0032,0.0001,0.0003
5,-57,0.0117,-0.0033,0.0001,0.0003
5,-56,0.0118,-0.0032,0.0001,0.0003
5,-55,0.0118,-0.0034,0.0002,0.0003
5,-54,0.0119,-0.0033,0.0001,0.0003
5,-53,0.0121,-0.0035,0.0001,0.0003
5,-52,0.012,-0.0033,0.0001,0.0003
4,-78,0.0132,0.0057,0.0004,0.0013
4,-77,0.0135,0.0052,0.0005,0.0017
4,-76,0.0137,0.0042,0.0003,0.002
4,-75,0.0137,0.0027,0.0011,0.0028
4,-74,0.0132,0.0016,0.0013,0.0025
4,-73,0.0118,-0.0004,0.002,0.0028
4,-72,0.0101,-0.0025,0.0014,0.0023
4,-71,0.01,-0.0026,0.0013,0.0023
4,-70,0.0101,-0.0031,0.0011,0.0012
4,-69,0.0102,-0.003,0.0011,0.0012
4,-68,0.0102,-0.0024,0.001,0.0006
4,-67,0.0103,-0.0024,0.001,0.0006
4,-66,0.0105,-0.0025,0.0012,0.0008
4,-65,0.0112,-0.0012,0.0012,0.0021
4,-64,0.012,-0.0017,0.0007,0.0022
4,-63,0.0119,-0.0022,0.0007,0.0021
4,-62,0.0119,-0.0022,0.0007,0.002
4,-61,0.0115,-0.0032,0.0002,0.0002
4,-60,0.0116,-0.0033,0.0002,0.0002
4,-59,0.0117,-0.0033,0.0002,0.0002
4,-58,0.0117,-0.0033,0.0002,0.0002
4,-57,0.0117,-0.0032,0.0001,0.0003
4,-56,0.0118,-0.0032,0.0001,0.0003
4,-55,0.0119,-0.0032,0.0001,0.0004
4,-54,0.0119,-0.0032,0.0001,0.0004
4,-53,0.012,-0.0033,0.0001,0.0004
4,-52,0.012,-0.0033,0.0001,0.0004
4,-51,0.012,-0.0031,0.0004,0.0007
3,-78,0.0129,0.0086,0.0004,0.0039
3,-77,0.0133,0.0053,0.0003,0.002
3,-76,0.013,0.0037,0.0014,0.0036
3,-75,0.0131,0.0029,0.0014,0.0036
3,-74,0.0126,-0.0015,0.0018,0.0027
3,-73,0.01,-0.0033,0.0013,0.0013
3,-72,0.0101,-0.0033,0.0013,0.0013
3,-71,0.0102,-0.0033,0.0013,0.0013
3,-70,0.0104,-0.0033,0.0013,0.0013
3,-69,0.0104,-0.0029,0.0012,0.0012
3,-68,0.0105,-0.0028,0.0012,0.0012
3,-67,0.0103,-0.0023,0.001,0.0006
3,-66,0.0105,-0.0024,0.0012,0.0008
3,-65,0.0111,-0.003,0.0013,0.0011
3,-64,0.0119,-0.0035,0.0005,0.0008
3,-63,0.0119,-0.0034,0.0006,0.0006
3,-62,0.0116,-0.0032,0.0003,0.0004
3,-61,0.0118,-0.0034,0.0004,0.0001
3,-60,0.0116,-0.0032,0.0002,0.0002
3,-59,0.0117,-0.0032,0.0002,0.0002
3,-58,0.0117,-0.0032,0.0002,0.0002
3,-57,0.0117,-0.0031,0.0001,0.0003
3,-56,0.0118,-0.0031,0.0001,0.0003
3,-55,0.0119,-0.0032,0.0001,0.0004
3,-54,0.0119,-0.0032,0.0001,0.0004
3,-53,0.0119,-0.0031,0.0003,0.0006
3,-52,0.0119,-0.0031,0.0004,0.0007
3,-51,0.012,-0.003,0.0004,0.0007
2,-78,0.0118,0.001,0.0014,0.0105
2,-77,0.0116,0.0037,0.0017,0.0075
2,-76,0.0118,0.0003,0.0018,0.0046
2,-75,0.0124,0.0013,0.0019,0.0042
2,-74,0.0115,-0.0022,0.0018,0.0028
2,-73,0.01,-0.0032,0.0013,0.0013
2,-72,0.0101,-0.0032,0.0013,0.0013
2,-71,0.0102,-0.0032,0.0013,0.0013
2,-70,0.0103,-0.0028,0.0012,0.0012
2,-69,0.0104,-0.0028,0.0012,0.0012
2,-68,0.0105,-0.0027,0.0012,0.0012
2,-67,0.011,-0.0031,0.0013,0.0013
2,-66,0.0117,-0.0034,0.0005,0.0008
2,-65,0.0118,-0.0034,0.0005,0.0008
2,-64,0.0119,-0.0034,0.0005,0.0008
2,-63,0.012,-0.0034,0.0005,0.0008
2,-62,0.0121,-0.0029,0.0005,0.0003
2,-61,0.0119,-0.0032,0.0005,0.0002
2,-60,0.012,-0.0032,0.0006,0.0002
2,-59,0.0117,-0.0032,0.0002,0.0002
2,-58,0.0117,-0.0032,0.0002,0.0002
2,-57,0.0118,-0.0032,0.0002,0.0002
2,-56,0.0118,-0.0031,0.0001,0.0003
2,-55,0.0119,-0.0031,0.0001,0.0004
2,-54,0.0118,-0.003,0.0004,0.0007
2,-53,0.0119,-0.003,0.0004,0.0007
2,-52,0.0119,-0.003,0.0004,0.0007
2,-51,0.012,-0.003,0.0004,0.0007
2,-50,0.0123,-0.003,0.0007,0.0007
1,-79,0.0142,-0.0156,0.0037,0.0145
1,-78,0.0129,-0.0124,0.0028,0.0128
1,-77,0.0109,-0.0048,0.0015,0.0062
1,-76,0.0108,-0.0029,0.0016,0.0056
1,-75,0.0124,0.0014,0.0019,0.0042
1,-74,0.0115,-0.0021,0.0018,0.0028
1,-73,0.0114,-0.0026,0.0015,0.0025
1,-72,0.0101,-0.0031,0.0013,0.0013
1,-71,0.0104,-0.003,0.0011,0.0011
1,-70,0.0103,-0.0027,0.0012,0.0012
1,-69,0.0104,-0.0027,0.0012,0.0012
1,-68,0.0105,-0.0027,0.0012,0.0012
1,-67,0.011,-0.0028,0.0013,0.0011
1,-66,0.0117,-0.0033,0.0005,0.0008
1,-65,0.0118,-0.0033,0.0005,0.0008
1,-64,0.0119,-0.0033,0.0005,0.0008
1,-63,0.0122,-0.0032,0.0005,0.0007
1,-62,0.0124,-0.0034,0.0005,0.0005
1,-61,0.0123,-0.0032,0.0005,0.0007
1,-60,0.0121,-0.0031,0.0006,0.0002
1,-59,0.0121,-0.0031,0.0006,0.0002
1,-58,0.0121,-0.0031,0.0007,0.0002
1,-57,0.0121,-0.003,0.0006,0.0002
1,-56,0.0118,-0.003,0.0003,0.0005
1,-55,0.0117,-0.0028,0.0003,0.0006
1,-54,0.012,-0.0031,0.0004,0.0006
1,-53,0.0121,-0.0031,0.0005,0.0007
1,-52,0.0121,-0.003,0.0005,0.0007
1,-51,0.0123,-0.003,0.0007,0.0007
1,-50,0.0123,-0.003,0.0007,0.0007
0,-80,0.0162,-0.0228,0.0032,0.0072
0,-79,0.0152,-0.0148,0.0032,0.0102
0,-78,0.0139,-0.0116,0.0034,0.009
0,-77,0.0118,-0.0126,0.0019,0.0058
0,-76,0.0099,-0.0058,0.0003,0.0021
0,-75,0.01,-0.0058,0.0003,0.0021
0,-74,0.0103,-0.0056,0.0004,0.0023
0,-73,0.0113,-0.0021,0.0016,0.0024
0,-72,0.01,-0.0029,0.001,0.0012
0,-71,0.0101,-0.0026,0.0012,0.0012
0,-70,0.0103,-0.0026,0.0012,0.0012
0,-69,0.0104,-0.0026,0.0012,0.0012
0,-68,0.011,-0.0028,0.0012,0.0011
0,-67,0.0117,-0.0032,0.0005,0.0008
0,-66,0.0117,-0.0032,0.0005,0.0008
0,-65,0.0118,-0.0032,0.0005,0.0008
0,-64,0.0119,-0.0033,0.0005,0.0008
0,-63,0.0122,-0.0032,0.0005,0.0007
0,-62,0.0124,-0.0034,0.0005,0.0005
0,-61,0.0124,-0.0034,0.0005,0.0005
0,-60,0.0126,-0.0032,0.0004,0.0006
0,-59,0.0126,-0.0029,0.0004,0.0002
0,-58,0.0126,-0.0029,0.0004,0.0002
0,-57,0.0127,-0.0029,0.0004,0.0002
0,-56,0.0124,-0.0029,0.0007,0.0006
0,-55,0.0122,-0.0029,0.0006,0.0006
0,-54,0.012,-0.003,0.0005,0.0007
0,-53,0.0121,-0.003,0.0005,0.0007
0,-52,0.0121,-0.003,0.0005,0.0007
0,-51,0.0122,-0.003,0.0007,0.0007
0,-50,0.0123,-0.003,0.0007,0.0007
0,-49,0.0123,-0.003,0.0007,0.0007
0,-48,0.0123,-0.003,0.0007,0.0007
0,-47,0.0126,-0.003,0.0007,0.0006
-1,-80,0.014,-0.0104,0.0036,0.0123
-1,-79,0.0134,-0.0145,0.0037,0.0098
-1,-78,0.0136,-0.0103,0.0035,0.0094
-1,-77,0.0127,-0.0086,0.003,0.007
-1,-76,0.0109,-0.007,0.0006,0.0022
-1,-75,0.0103,-0.0069,0.0005,0.0023
-1,-74,0.0103,-0.0048,0.0003,0.0028
-1,-73,0.0104,-0.0032,0.0004,0.0009
-1,-72,0.0105,-0.0032,0.0004,0.0009
-1,-71,0.0109,-0.0027,0.0001,0.0009
-1,-70,0.0111,-0.0027,0.0001,0.0009
-1,-69,0.0114,-0.0031,0.0005,0.001
-1,-68,0.0116,-0.0031,0.0005,0.0008
-1,-67,0.0117,-0.0031,0.0005,0.0008
-1,-66,0.0117,-0.0031,0.0005,0.0008
-1,-65,0.0118,-0.0031,0.0005,0.0008
-1,-64,0.0119,-0.0031,0.0005,0.0008
-1,-63,0.0123,-0.0031,0.0005,0.0008
-1,-62,0.0125,-0.0033,0.0005,0.0005
-1,-61,0.0125,-0.0033,0.0005,0.0005
-1,-60,0.0126,-0.0031,0.0004,0.0006
-1,-59,0.0126,-0.0027,0.0004,0.0002
-1,-58,0.0126,-0.0027,0.0004,0.0002
-1,-57,0.0127,-0.0029,0.0004,0.0003
-1,-56,0.0129,-0.0029,0.0002,0.0004
-1,-55,0.0122,-0.0028,0.0006,0.0006
-1,-54,0.012,-0.0029,0.0005,0.0007
-1,-53,0.0121,-0.0029,0.0005,0.0007
-1,-52,0.0121,-0.0029,0.0005,0.0007
-1,-51,0.0124,-0.003,0.0006,0.0006
-1,-50,0.0123,-0.0029,0.0007,0.0007
-1,-49,0.0123,-0.0029,0.0007,0.0007
-1,-48,0.0123,-0.0029,0.0007,0.0007
-1,-47,0.0131,-0.0027,0.0004,0.0005
-1,-46,0.0133,-0.003,0.0001,0.0003
-1,-45,0.0133,-0.003,0.0001,0.0003
-2,-81,0.0088,0.0047,0.0025,0.0035
-2,-80,0.0095,0.0028,0.0033,0.0051
-2,-79,0.0131,-0.006,0.0037,0.0088
-2,-78,0.0109,-0.0039,0.003,0.0057
-2,-77,0.0124,-0.004,0.0035,0.0033
-2,-76,0.0101,-0.0051,0.0016,0.0037
-2,-75,0.0102,-0.0045,0.0015,0.0035
-2,-74,0.0102,-0.0043,0.0013,0.0032
-2,-73,0.0105,-0.0045,0.0003,0.0024
-2,-72,0.0105,-0.0031,0.0004,0.0009
-2,-71,0.0109,-0.0026,0.0001,0.0009
-2,-70,0.0113,-0.0029,0.0004,0.0009
-2,-69,0.0114,-0.0028,0.0005,0.0008
-2,-68,0.0116,-0.003,0.0005,0.0008
-2,-67,0.0117,-0.003,0.0005,0.0008
-2,-66,0.0117,-0.003,0.0005,0.0008
-2,-65,0.0118,-0.003,0.0005,0.0008
-2,-64,0.0119,-0.003,0.0005,0.0008
-2,-63,0.0124,-0.0032,0.0005,0.0007
-2,-62,0.0125,-0.0032,0.0005,0.0007
-2,-61,0.0126,-0.0032,0.0004,0.0005
-2,-60,0.0127,-0.003,0.0004,0.0006
-2,-59,0.0127,-0.0026,0.0004,0.0002
-2,-58,0.0127,-0.0026,0.0004,0.0002
-2,-57,0.0128,-0.0028,0.0002,0.0004
-2,-56,0.0129,-0.0028,0.0002,0.0004
-2,-55,0.0122,-0.0028,0.0006,0.0006
-2,-54,0.0123,-0.0031,0.0007,0.0004
-2,-53,0.0121,-0.0029,0.0005,0.0007
-2,-52,0.0121,-0.0029,0.0005,0.0007
-2,-51,0.0122,-0.0029,0.0005,0.0007
-2,-50,0.0123,-0.0029,0.0007,0.0007
-2,-49,0.0123,-0.0029,0.0007,0.0007
-2,-48,0.0129,-0.003,0.0006,0.0005
-2,-47,0.0133,-0.003,0.0001,0.0003
-2,-46,0.0133,-0.003,0.0001,0.0003
-2,-45,0.013,-0.003,0.0004,0.0003
-2,-44,0.0131,-0.0029,0.0005,0.0002
-2,-43,0.0134,-0.0033,0.0008,0.0006
-3,-81,0.0075,0.0066,0.0012,0.0026
-3,-80,0.0087,0.0034,0.0021,0.0036
-3,-79,0.0087,0.0016,0.0025,0.0023
-3,-78,0.0103,0.0002,0.0033,0.0021
-3,-77,0.0117,-0.0021,0.0029,0.0029
-3,-76,0.0101,-0.0044,0.0015,0.0035
-3,-75,0.0102,-0.0044,0.0015,0.0035
-3,-74,0.0102,-0.0034,0.0016,0.0032
-3,-73,0.011,-0.0038,0.0006,0.0028
-3,-72,0.0107,-0.0038,0.0001,0.0028
-3,-71,0.0108,-0.0029,0.001,0.003
-3,-70,0.011,-0.0021,0,0.0003
-3,-69,0.0114,-0.0026,0.0005,0.0008
-3,-68,0.0116,-0.0029,0.0005,0.0008
-3,-67,0.0117,-0.0029,0.0005,0.0008
-3,-66,0.0117,-0.0029,0.0005,0.0008
-3,-65,0.0118,-0.0029,0.0005,0.0008
-3,-64,0.0121,-0.0028,0.0005,0.0007
-3,-63,0.0124,-0.0031,0.0005,0.0007
-3,-62,0.0125,-0.0031,0.0005,0.0007
-3,-61,0.0125,-0.0029,0.0004,0.0007
-3,-60,0.0129,-0.0032,0.0001,0.0006
-3,-59,0.0128,-0.003,0.0004,0.0006
-3,-58,0.0127,-0.0028,0.0002,0.0004
-3,-57,0.0128,-0.0028,0.0002,0.0004
-3,-56,0.0129,-0.0028,0.0002,0.0004
-3,-55,0.0124,-0.0027,0.0007,0.0006
-3,-54,0.0122,-0.0027,0.0006,0.0006
-3,-53,0.0124,-0.0029,0.0007,0.0004
-3,-52,0.0121,-0.0028,0.0005,0.0007
-3,-51,0.0126,-0.003,0.0006,0.0006
-3,-50,0.0131,-0.0033,0.0002,0.0002
-3,-49,0.0131,-0.0033,0.0002,0.0002
-3,-48,0.0132,-0.0033,0.0001,0.0002
-3,-47,0.0133,-0.0032,0.001,0.001
-3,-46,0.0132,-0.0031,0.0001,0.0003
-3,-45,0.0131,-0.0029,0.0005,0.0002
-3,-44,0.0132,-0.0028,0.0004,0.0002
-3,-43,0.013,-0.0029,0.0005,0.0002
-3,-42,0.0134,-0.0035,0.0009,0.0005
-3,-41,0.0137,-0.0037,0.0008,0.0004
-3,-40,0.0141,-0.0039,0.0003,0.0004
-3,-39,0.0141,-0.0038,0.0003,0.0004
-4,-81,0.0078,0.0045,0.0009,0.0035
-4,-80,0.0075,0.0028,0.001,0.002
-4,-79,0.0078,0.0017,0.0011,0.0018
-4,-78,0.0077,0.0015,0.001,0.0016
-4,-77,0.0083,0.0006,0.0008,0.0006
-4,-76,0.0098,-0.0015,0.0018,0.0017
-4,-75,0.0099,-0.0016,0.0018,0.0017
-4,-74,0.0103,-0.0025,0.0013,0.0029
-4,-73,0.0107,-0.0012,0.0001,0.0005
-4,-72,0.0108,-0.0012,0.0001,0.0005
-4,-71,0.0109,-0.0014,0.0001,0.0005
-4,-70,0.011,-0.0018,0,0.0004
-4,-69,0.0114,-0.0025,0.0005,0.0008
-4,-68,0.0116,-0.0028,0.0005,0.0008
-4,-67,0.0117,-0.0028,0.0005,0.0008
-4,-66,0.0117,-0.0028,0.0005,0.0008
-4,-65,0.0118,-0.0028,0.0005,0.0008
-4,-64,0.0123,-0.003,0.0005,0.0007
-4,-63,0.0124,-0.003,0.0005,0.0007
-4,-62,0.0125,-0.003,0.0005,0.0007
-4,-61,0.0125,-0.0031,0.0005,0.0007
-4,-60,0.0128,-0.0031,0.0001,0.0006
-4,-59,0.0129,-0.003,0.0001,0.0006
-4,-58,0.0127,-0.0027,0.0002,0.0004
-4,-57,0.0128,-0.0027,0.0002,0.0004
-4,-56,0.0129,-0.0027,0.0002,0.0004
-4,-55,0.0124,-0.0026,0.0007,0.0006
-4,-54,0.0125,-0.0027,0.0007,0.0006
-4,-53,0.013,-0.0029,0.0002,0.0004
-4,-52,0.0126,-0.0027,0.0006,0.0006
-4,-51,0.0131,-0.0032,0.0002,0.0002
-4,-50,0.0131,-0.0032,0.0002,0.0002
-4,-49,0.0132,-0.0032,0.0001,0.0002
-4,-48,0.0132,-0.0033,0.0001,0.0002
-4,-47,0.0133,-0.003,0.0001,0.0003
-4,-46,0.0133,-0.003,0.0001,0.0003
-4,-45,0.0131,-0.0028,0.0004,0.0002
-4,-44,0.013,-0.0029,0.0005,0.0002
-4,-43,0.0129,-0.0029,0.0005,0.0002
-4,-42,0.0134,-0.0035,0.0009,0.0005
-4,-41,0.0137,-0.0037,0.0008,0.0004
-4,-40,0.0142,-0.0039,0.0003,0.0004
-4,-39,0.0141,-0.0038,0.0003,0.0004
-4,-38,0.0144,-0.0036,0.001,0.0003
-5,-81,0.0069,0.0031,0.0009,0.0012
-5,-80,0.007,0.003,0.0009,0.0012
-5,-79,0.0072,0.003,0.0009,0.0012
-5,-78,0.0079,0.0018,0.0011,0.0018
-5,-77,0.0078,0.0016,0.001,0.0016
-5,-76,0.0088,0.0002,0.0012,0.0012
-5,-75,0.0105,-0.001,0.0001,0.0005
-5,-74,0.0106,-0.0011,0.0001,0.0005
-5,-73,0.0107,-0.0011,0.0001,0.0005
-5,-72,0.0108,-0.0011,0.0001,0.0005
-5,-71,0.0109,-0.0011,0.0001,0.0005
-5,-70,0.011,-0.0017,0,0.0004
-5,-69,0.0114,-0.0022,0.0005,0.001
-5,-68,0.0116,-0.0024,0.0004,0.0009
-5,-67,0.0117,-0.0024,0.0004,0.0008
-5,-66,0.0118,-0.0029,0.0004,0.0006
-5,-65,0.0119,-0.0029,0.0004,0.0006
-5,-64,0.012,-0.0029,0.0004,0.0006
-5,-63,0.0123,-0.0028,0.0004,0.0006
-5,-62,0.0125,-0.003,0.0005,0.0007
-5,-61,0.0125,-0.003,0.0005,0.0007
-5,-60,0.0128,-0.0029,0.0001,0.0007
-5,-59,0.0128,-0.0028,0.0003,0.0007
-5,-58,0.0127,-0.0026,0.0002,0.0004
-5,-57,0.0128,-0.0027,0.0002,0.0004
-5,-56,0.0129,-0.0027,0.0002,0.0004
-5,-55,0.0129,-0.0027,0.0002,0.0004
-5,-54,0.0129,-0.0028,0.0002,0.0004
-5,-53,0.013,-0.0028,0.0002,0.0004
-5,-52,0.013,-0.0029,0.0002,0.0004
-5,-51,0.0131,-0.0032,0.0002,0.0002
-5,-50,0.0131,-0.0032,0.0002,0.0002
-5,-49,0.0132,-0.0032,0.0002,0.0002
-5,-48,0.013,-0.0032,0.0005,0.0007
-5,-47,0.0133,-0.003,0.0001,0.0003
-5,-46,0.0128,-0.0035,0.0005,0.0007
-5,-45,0.013,-0.003,0.0004,0.0003
-5,-44,0.0126,-0.0029,0.0005,0.0003
-5,-43,0.0124,-0.003,0.0004,0.0002
-5,-42,0.0128,-0.0035,0.001,0.0004
-5,-41,0.0134,-0.0035,0.0008,0.0005
-5,-40,0.014,-0.0038,0.0003,0.0003
-5,-39,0.0144,-0.0036,0.001,0.0002
-5,-38,0.0143,-0.0036,0.001,0.0002
-5,-37,0.0141,-0.0036,0.001,0.0003
-5,-36,0.0139,-0.0039,0.0016,0.0008
-5,-35,0.014,-0.0038,0.0015,0.0008
-6,-81,0.0069,0.0032,0.0009,0.0012
-6,-80,0.007,0.0032,0.0009,0.0012
-6,-79,0.0072,0.0032,0.0009,0.0012
-6,-78,0.0073,0.0032,0.0009,0.0012
-6,-77,0.0083,0.0018,0.0014,0.0018
-6,-76,0.01,-0.0003,0.0007,0.0011
-6,-75,0.0105,-0.0009,0.0001,0.0005
-6,-74,0.0106,-0.0009,0.0001,0.0005
-6,-73,0.0107,-0.0009,0.0001,0.0005
-6,-72,0.0108,-0.001,0.0001,0.0005
-6,-71,0.0109,-0.001,0.0001,0.0005
-6,-70,0.0112,-0.0013,0.0003,0.0002
-6,-69,0.0113,-0.0015,0.0003,0.0005
-6,-68,0.0118,-0.0025,0.0004,0.0009
-6,-67,0.0118,-0.0024,0.0004,0.0008
-6,-66,0.0118,-0.0028,0.0004,0.0006
-6,-65,0.0119,-0.0028,0.0004,0.0006
-6,-64,0.012,-0.0028,0.0004,0.0006
-6,-63,0.0121,-0.0029,0.0004,0.0006
-6,-62,0.0124,-0.0028,0.0004,0.0006
-6,-61,0.0124,-0.0028,0.0004,0.0006
-6,-60,0.0126,-0.0023,0.0003,0.0002
-6,-59,0.0127,-0.0024,0.0003,0.0002
-6,-58,0.0129,-0.0025,0.0001,0.0002
-6,-57,0.013,-0.0025,0.0001,0.0002
-6,-56,0.013,-0.0026,0.0002,0.0003
-6,-55,0.0129,-0.0027,0.0002,0.0004
-6,-54,0.013,-0.0028,0.0002,0.0003
-6,-53,0.013,-0.0028,0.0002,0.0004
-6,-52,0.013,-0.0029,0.0002,0.0004
-6,-51,0.0131,-0.0031,0.0002,0.0002
-6,-50,0.0131,-0.0032,0.0002,0.0002
-6,-49,0.013,-0.0033,0.0005,0.0005
-6,-48,0.013,-0.0033,0.0005,0.0005
-6,-47,0.013,-0.0034,0.0005,0.0005
-6,-46,0.0128,-0.0035,0.0005,0.0007
-6,-45,0.0124,-0.0033,0.0005,0.0007
-6,-44,0.0124,-0.003,0.0005,0.0003
-6,-43,0.0123,-0.003,0.0005,0.0003
-6,-42,0.0127,-0.0033,0.0009,0.0006
-6,-41,0.0124,-0.003,0.0004,0.0003
-6,-40,0.0136,-0.0035,0.0006,0.0007
-6,-39,0.0142,-0.0032,0.0013,0.0005
-6,-38,0.014,-0.0036,0.0012,0.0005
-6,-37,0.0137,-0.0039,0.0015,0.0007
-6,-36,0.014,-0.0038,0.0015,0.0008
-6,-35,0.0133,-0.0038,0.0011,0.0009
-7,-80,0.007,0.0033,0.0009,0.0012
-7,-79,0.0072,0.0033,0.0009,0.0012
-7,-78,0.0086,0.0018,0.0013,0.0015
-7,-77,0.0087,0.0018,0.0013,0.0015
-7,-76,0.0104,-0.0008,0.0001,0.0005
-7,-75,0.0105,-0.0008,0.0001,0.0005
-7,-74,0.0106,-0.0008,0.0001,0.0005
-7,-73,0.0107,-0.0008,0.0001,0.0005
-7,-72,0.0108,-0.0009,0.0001,0.0005
-7,-71,0.0109,-0.0009,0.0001,0.0005
-7,-70,0.0112,-0.0012,0.0003,0.0002
-7,-69,0.0113,-0.0014,0.0003,0.0005
-7,-68,0.0114,-0.0017,0.0004,0.0005
-7,-67,0.0117,-0.002,0.0002,0.0004
-7,-66,0.0117,-0.002,0.0002,0.0004
-7,-65,0.0117,-0.0023,0.0006,0.0009
-7,-64,0.012,-0.0028,0.0004,0.0006
-7,-63,0.0123,-0.0026,0.0005,0.0007
-7,-62,0.0123,-0.0022,0.0005,0.0003
-7,-61,0.0126,-0.0022,0.0004,0.0003
-7,-60,0.0127,-0.0023,0.0004,0.0003
-7,-59,0.013,-0.0021,0.0002,0.0002
-7,-58,0.0129,-0.0024,0.0001,0.0002
-7,-57,0.013,-0.0024,0.0001,0.0002
-7,-56,0.0129,-0.0029,0.0002,0.0004
-7,-55,0.0129,-0.0027,0.0002,0.0004
-7,-54,0.0129,-0.0027,0.0002,0.0004
-7,-53,0.013,-0.0027,0.0002,0.0004
-7,-52,0.0129,-0.003,0.0003,0.0004
-7,-51,0.0129,-0.0031,0.0003,0.0002
-7,-50,0.013,-0.0031,0.0003,0.0002
-7,-49,0.0129,-0.0034,0.0006,0.0006
-7,-48,0.0128,-0.0035,0.0006,0.0006
-7,-47,0.0128,-0.0036,0.0006,0.0006
-7,-46,0.0126,-0.0033,0.0006,0.0007
-7,-45,0.0124,-0.0035,0.0005,0.0007
-7,-44,0.0121,-0.0036,0.0001,0.0006
-7,-43,0.0122,-0.0031,0.0003,0.0003
-7,-42,0.0124,-0.0031,0.0004,0.0003
-7,-41,0.0126,-0.0031,0.0004,0.0003
-7,-40,0.0133,-0.0034,0.0003,0.0005
-7,-39,0.0134,-0.0034,0.0003,0.0006
-7,-38,0.0133,-0.0035,0.0003,0.0006
-7,-37,0.013,-0.0043,0.0007,0.0006
-7,-36,0.0134,-0.004,0.0009,0.0008
-7,-35,0.0134,-0.004,0.001,0.0009
-8,-80,0.0087,0.0075,0.0032,0.0078
-8,-79,0.0098,0.0065,0.0027,0.0085
-8,-78,0.0101,0.0067,0.0027,0.0085
-8,-77,0.0102,0.0053,0.0024,0.0082
-8,-76,0.0115,0.0052,0.0019,0.0097
-8,-75,0.011,0.0018,0.0015,0.0075
-8,-74,0.0106,-0.0007,0.0001,0.0005
-8,-73,0.0107,-0.0007,0.0001,0.0005
-8,-72,0.0108,-0.0008,0.0002,0.0005
-8,-71,0.011,-0.0007,0.0002,0.0004
-8,-70,0.0113,-0.0005,0.0002,0.0005
-8,-69,0.0113,-0.0007,0.0005,0.0004
-8,-68,0.0114,-0.0015,0.0004,0.0005
-8,-67,0.0115,-0.0015,0.0005,0.0005
-8,-66,0.0115,-0.0015,0.0005,0.0005
-8,-65,0.0114,-0.0018,0.0004,0.0005
-8,-64,0.0118,-0.0018,0.0006,0.0005
-8,-63,0.012,-0.0017,0.0007,0.0005
-8,-62,0.012,-0.0018,0.0006,0.0005
-8,-61,0.0123,-0.0019,0.0007,0.0005
-8,-60,0.0127,-0.0022,0.0004,0.0003
-8,-59,0.0128,-0.0022,0.0003,0.0003
-8,-58,0.0129,-0.0024,0.0002,0.0005
-8,-57,0.0129,-0.0027,0.0001,0.0005
-8,-56,0.013,-0.0027,0.0001,0.0005
-8,-55,0.013,-0.0027,0.0001,0.0005
-8,-54,0.0129,-0.0029,0.0002,0.0004
-8,-53,0.0129,-0.0029,0.0003,0.0004
-8,-52,0.0128,-0.0031,0.0003,0.0003
-8,-51,0.0129,-0.0032,0.0003,0.0003
-8,-50,0.013,-0.0032,0.0003,0.0002
-8,-49,0.0127,-0.0034,0.0005,0.0005
-8,-48,0.0125,-0.0037,0.0004,0.0004
-8,-47,0.0126,-0.0037,0.0004,0.0004
-8,-46,0.0125,-0.0031,0.0004,0.001
-8,-45,0.0124,-0.0029,0.0004,0.001
-8,-44,0.0123,-0.0033,0.0004,0.0008
-8,-43,0.0126,-0.0029,0.0004,0.0003
-8,-42,0.0126,-0.0029,0.0004,0.0003
-8,-41,0.013,-0.0028,0,0.0003
-8,-40,0.0132,-0.0033,0.0003,0.0006
-8,-39,0.0133,-0.0034,0.0003,0.0005
-8,-38,0.0133,-0.0035,0.0003,0.0006
-8,-37,0.0128,-0.0042,0.0007,0.0007
-8,-36,0.0135,-0.0043,0.001,0.0008
-8,-35,0.0134,-0.0044,0.0011,0.0009
-9,-79,0.0104,0.0086,0.003,0.0093
-9,-78,0.0105,0.0086,0.003,0.0093
-9,-77,0.0117,0.0073,0.002,0.01
-9,-76,0.0116,0.0061,0.0019,0.0097
-9,-75,0.0113,0.0038,0.0017,0.0085
-9,-74,0.0112,0.0028,0.0017,0.0085
-9,-73,0.0114,0.0034,0.0019,0.0094
-9,-72,0.0109,-0.0003,0.0002,0.0005
-9,-71,0.011,-0.0005,0.0002,0.0004
-9,-70,0.0114,-0.0006,0.0003,0.0004
-9,-69,0.0113,-0.0006,0.0005,0.0004
-9,-68,0.0114,-0.0006,0.0005,0.0004
-9,-67,0.0115,-0.0014,0.0005,0.0005
-9,-66,0.0115,-0.0014,0.0005,0.0005
-9,-65,0.0116,-0.0014,0.0005,0.0005
-9,-64,0.0119,-0.0016,0.0007,0.0005
-9,-63,0.012,-0.0016,0.0007,0.0005
-9,-62,0.0121,-0.0016,0.0007,0.0005
-9,-61,0.0122,-0.0022,0.0006,0.0003
-9,-60,0.0123,-0.0022,0.0006,0.0003
-9,-59,0.0126,-0.0022,0.0006,0.0004
-9,-58,0.0129,-0.0025,0.0002,0.0006
-9,-57,0.0129,-0.0026,0.0001,0.0005
-9,-56,0.013,-0.0026,0.0001,0.0005
-9,-55,0.013,-0.0028,0.0001,0.0005
-9,-54,0.0129,-0.003,0.0001,0.0003
-9,-53,0.0132,-0.0031,0.0004,0.0003
-9,-52,0.0128,-0.0031,0.0003,0.0003
-9,-51,0.0127,-0.0031,0.0002,0.0002
-9,-50,0.0127,-0.0032,0.0002,0.0002
-9,-49,0.0127,-0.0032,0.0002,0.0002
-9,-48,0.0124,-0.0029,0.0003,0.0011
-9,-47,0.0124,-0.0031,0.0002,0.0012
-9,-46,0.0124,-0.0031,0.0002,0.0012
-9,-45,0.0125,-0.0027,0.0003,0.0012
-9,-44,0.0124,-0.0029,0.0004,0.001
-9,-43,0.0126,-0.0026,0.0004,0.0006
-9,-42,0.0128,-0.0028,0.0002,0.0003
-9,-41,0.013,-0.0028,0,0.0003
-9,-40,0.0131,-0.0031,0.0003,0.0006
-9,-39,0.0132,-0.0034,0.0003,0.0006
-9,-38,0.013,-0.004,0.0005,0.0004
-9,-37,0.013,-0.004,0.0004,0.0004
-9,-36,0.0128,-0.0045,0.0006,0.0006
-9,-35,0.0137,-0.0038,0.0008,0.0007
-10,-79,0.0104,0.0087,0.003,0.0093
-10,-78,0.0105,0.0087,0.003,0.0093
-10,-77,0.0121,0.0094,0.002,0.0099
-10,-76,0.012,0.0081,0.002,0.0099
-10,-75,0.0118,0.0065,0.0019,0.0098
-10,-74,0.0117,0.0056,0.0019,0.0098
-10,-73,0.0117,0.0043,0.0018,0.0092
-10,-72,0.0109,0,0.0002,0.0004
-10,-71,0.0112,-0.0004,0.0003,0.0004
-10,-70,0.0114,-0.0005,0.0003,0.0004
-10,-69,0.0113,-0.0005,0.0005,0.0004
-10,-68,0.0115,-0.0005,0.0005,0.0004
-10,-67,0.0116,-0.0009,0.0005,0.0007
-10,-66,0.0115,-0.0013,0.0005,0.0005
-10,-65,0.0116,-0.0013,0.0005,0.0005
-10,-64,0.0119,-0.0015,0.0007,0.0005
-10,-63,0.012,-0.0015,0.0007,0.0005
-10,-62,0.012,-0.0019,0.0007,0.0005
-10,-61,0.0122,-0.0021,0.0006,0.0003
-10,-60,0.0123,-0.0021,0.0006,0.0003
-10,-59,0.0126,-0.0022,0.0006,0.0004
-10,-58,0.0127,-0.0024,0.0005,0.0005
-10,-57,0.0128,-0.0024,0.0005,0.0005
-10,-56,0.0132,-0.0028,0.0004,0.0003
-10,-55,0.0131,-0.0029,0.0004,0.0003
-10,-54,0.0129,-0.003,0.0001,0.0003
-10,-53,0.0132,-0.003,0.0004,0.0003
-10,-52,0.0129,-0.0028,0.0002,0.0003
-10,-51,0.0127,-0.0031,0.0002,0.0002
-10,-50,0.0127,-0.0031,0.0002,0.0002
-10,-49,0.0127,-0.0032,0.0002,0.0002
-10,-48,0.0126,-0.0025,0.0001,0.0008
-10,-47,0.0125,-0.0029,0.0003,0.0011
-10,-46,0.0129,-0.0024,0.0004,0.0008
-10,-45,0.013,-0.002,0.0003,0.0004
-10,-44,0.013,-0.0021,0.0003,0.0004
-10,-43,0.0127,-0.0023,0.0002,0.0006
-10,-42,0.0128,-0.0028,0.0002,0.0003
-10,-41,0.0128,-0.0029,0.0002,0.0003
-10,-40,0.0129,-0.0029,0.0002,0.0003
-10,-39,0.0128,-0.0038,0.0002,0.0005
-10,-38,0.0129,-0.004,0.0005,0.0004
-10,-37,0.0128,-0.004,0.0004,0.0004
-10,-36,0.0129,-0.0043,0.0004,0.0006
-11,-78,0.0132,0.0115,0.0017,0.0076
-11,-77,0.0133,0.0116,0.0017,0.0076
-11,-76,0.0134,0.0115,0.0017,0.0076
-11,-75,0.0134,0.0106,0.002,0.0087
-11,-74,0.0127,0.0077,0.002,0.0086
-11,-73,0.0124,0.0058,0.002,0.0083
-11,-72,0.011,0.0001,0.0002,0.0004
-11,-71,0.0112,-0.0003,0.0003,0.0004
-11,-70,0.0112,-0.0004,0.0005,0.0004
-11,-69,0.0113,-0.0003,0.0005,0.0004
-11,-68,0.0114,-0.0004,0.0005,0.0004
-11,-67,0.0115,-0.0005,0.0005,0.0004
-11,-66,0.0115,-0.0012,0.0005,0.0005
-11,-65,0.0118,-0.0013,0.0006,0.0005
-11,-64,0.0119,-0.0014,0.0007,0.0005
-11,-63,0.012,-0.0014,0.0007,0.0005
-11,-62,0.0124,-0.0019,0.0006,0.0003
-11,-61,0.0122,-0.002,0.0006,0.0003
-11,-60,0.0121,-0.0021,0.0008,0.0004
-11,-59,0.0126,-0.0021,0.0006,0.0004
-11,-58,0.0125,-0.0026,0.0005,0.0003
-11,-57,0.0127,-0.0027,0.0004,0.0003
-11,-56,0.0129,-0.0028,0.0007,0.0002
-11,-55,0.0132,-0.0028,0.0003,0.0003
-11,-54,0.0132,-0.0028,0.0004,0.0003
-11,-53,0.0133,-0.0029,0.0004,0.0002
-11,-52,0.0131,-0.0029,0.0005,0.0002
-11,-51,0.013,-0.003,0.0005,0.0002
-11,-50,0.0127,-0.0031,0.0002,0.0002
-11,-49,0.0127,-0.0031,0.0002,0.0002
-11,-48,0.0127,-0.0026,0.0002,0.0008
-11,-47,0.0127,-0.0025,0.0001,0.0008
-11,-46,0.0129,-0.0024,0.0004,0.0008
-11,-45,0.0129,-0.0026,0.0004,0.0012
-11,-44,0.0128,-0.0021,0.0004,0.0005
-11,-43,0.0128,-0.0027,0.0003,0.001
-11,-42,0.0128,-0.0028,0.0002,0.0003
-11,-41,0.0128,-0.0029,0.0002,0.0003
-11,-40,0.0128,-0.0033,0.0003,0.0003
-11,-39,0.0128,-0.0039,0.0003,0.0004
-11,-38,0.0127,-0.0038,0.0002,0.0004
-11,-37,0.0127,-0.0039,0.0002,0.0005
-12,-78,0.0141,0.0156,0.0004,0.0049
-12,-77,0.0142,0.0157,0.0004,0.0049
-12,-76,0.0144,0.0154,0.0004,0.0049
-12,-75,0.0145,0.0153,0.0004,0.0049
-12,-74,0.0146,0.0151,0.0004,0.0049
-12,-73,0.0134,0.0082,0.0016,0.0055
-12,-72,0.0135,0.0077,0.0016,0.0055
-12,-71,0.0124,0.0037,0.0013,0.0036
-12,-70,0.0119,0.001,0.0006,0.0026
-12,-69,0.0113,-0.0002,0.0005,0.0004
-12,-68,0.0114,-0.0003,0.0005,0.0004
-12,-67,0.0115,-0.0004,0.0005,0.0004
-12,-66,0.0115,-0.0004,0.0005,0.0004
-12,-65,0.0118,-0.0012,0.0006,0.0005
-12,-64,0.0119,-0.0013,0.0007,0.0005
-12,-63,0.0118,-0.0014,0.0008,0.0006
-12,-62,0.0119,-0.0015,0.0008,0.0006
-12,-61,0.012,-0.0019,0.0008,0.0004
-12,-60,0.012,-0.002,0.0008,0.0004
-12,-59,0.0121,-0.002,0.0008,0.0004
-12,-58,0.0125,-0.0026,0.0005,0.0003
-12,-57,0.0125,-0.0026,0.0006,0.0003
-12,-56,0.0128,-0.0028,0.0005,0.0002
-12,-55,0.0131,-0.0027,0.0004,0.0003
-12,-54,0.0132,-0.0028,0.0004,0.0003
-12,-53,0.0133,-0.0029,0.0004,0.0003
-12,-52,0.0132,-0.0029,0.0005,0.0002
-12,-51,0.0131,-0.0029,0.0005,0.0002
-12,-50,0.0127,-0.003,0.0002,0.0002
-12,-49,0.0127,-0.0031,0.0002,0.0002
-12,-48,0.0127,-0.0031,0.0002,0.0002
-12,-47,0.0128,-0.0024,0.0003,0.0008
-12,-46,0.0129,-0.0025,0.0004,0.0012
-12,-45,0.0129,-0.0025,0.0004,0.0012
-12,-44,0.0129,-0.0026,0.0004,0.0012
-12,-43,0.0128,-0.0032,0.0004,0.0009
-12,-42,0.0128,-0.0031,0.0003,0.0007
-12,-41,0.0127,-0.0035,0.0003,0.0005
-12,-40,0.0128,-0.0033,0.0003,0.0003
-12,-39,0.0128,-0.0039,0.0003,0.0004
-12,-38,0.0127,-0.0039,0.0003,0.0004
-12,-37,0.0127,-0.004,0.0003,0.0004
-13,-77,0.0142,0.0156,0.0004,0.0049
-13,-76,0.0144,0.0154,0.0004,0.0049
-13,-75,0.0145,0.0153,0.0004,0.0049
-13,-74,0.0146,0.0153,0.0004,0.0049
-13,-73,0.0132,0.0082,0.0013,0.0043
-13,-72,0.0131,0.0075,0.0013,0.0043
-13,-71,0.0119,0.0029,0.0001,0.001
-13,-70,0.0119,0.0019,0.0006,0.0029
-13,-69,0.0118,0.0002,0.0003,0.0007
-13,-68,0.0114,-0.0002,0.0005,0.0004
-13,-67,0.0115,-0.0003,0.0005,0.0004
-13,-66,0.0115,-0.0003,0.0005,0.0004
-13,-65,0.0119,-0.0006,0.0006,0.0005
-13,-64,0.0117,-0.0013,0.0008,0.0006
-13,-63,0.0118,-0.0014,0.0008,0.0006
-13,-62,0.0119,-0.0018,0.0008,0.0004
-13,-61,0.0118,-0.002,0.0007,0.0003
-13,-60,0.0119,-0.002,0.0007,0.0003
-13,-59,0.0119,-0.0025,0.0005,0.0002
-13,-58,0.012,-0.0026,0.0005,0.0002
-13,-57,0.0125,-0.0027,0.0006,0.0002
-13,-56,0.0127,-0.0027,0.0005,0.0002
-13,-55,0.0129,-0.0028,0.0008,0.0002
-13,-54,0.0133,-0.0027,0.0004,0.0003
-13,-53,0.0133,-0.003,0.0004,0.0002
-13,-52,0.0131,-0.0028,0.0005,0.0002
-13,-51,0.0133,-0.0029,0.0005,0.0002
-13,-50,0.0132,-0.0029,0.0005,0.0002
-13,-49,0.0127,-0.003,0.0002,0.0003
-13,-48,0.0129,-0.0028,0.0003,0.0005
-13,-47,0.0129,-0.0024,0.0003,0.0007
-13,-46,0.0129,-0.0025,0.0004,0.0012
-13,-45,0.0129,-0.0026,0.0004,0.0012
-13,-44,0.0131,-0.0029,0.0003,0.001
-13,-43,0.0128,-0.0032,0.0004,0.0009
-13,-42,0.0125,-0.0035,0,0.0007
-13,-41,0.0125,-0.0036,0,0.0007
-13,-40,0.0132,-0.0031,0.0004,0.0006
-13,-39,0.0132,-0.0032,0.0004,0.0006
-13,-38,0.0131,-0.0032,0.0004,0.0006
-14,-77,0.0142,0.0155,0.0004,0.0049
-14,-76,0.0144,0.0153,0.0004,0.0049
-14,-75,0.0145,0.0151,0.0004,0.0049
-14,-74,0.0139,0.0108,0.001,0.0028
-14,-73,0.0137,0.01,0.0011,0.0029
-14,-72,0.0139,0.0085,0.0002,0.0006
-14,-71,0.0121,0.004,0.0001,0.001
-14,-70,0.0121,0.0032,0.0001,0.001
-14,-69,0.0122,0.0014,0.0004,0.0006
-14,-68,0.0123,0.0014,0.0004,0.0006
-14,-67,0.0124,0.0013,0.0004,0.0006
-14,-66,0.012,0.0011,0.0007,0.0009
-14,-65,0.0119,0.0007,0.0009,0.0014
-14,-64,0.0117,-0.0012,0.0008,0.0006
-14,-63,0.0118,-0.0017,0.0008,0.0004
-14,-62,0.0119,-0.0018,0.0008,0.0004
-14,-61,0.0118,-0.0019,0.0007,0.0004
-14,-60,0.0118,-0.0019,0.0007,0.0004
-14,-59,0.0118,-0.0024,0.0005,0.0003
-14,-58,0.0116,-0.0023,0.0002,0.0002
-14,-57,0.012,-0.0026,0.0006,0.0002
-14,-56,0.0125,-0.0026,0.0006,0.0002
-14,-55,0.0128,-0.0028,0.0009,0.0002
-14,-54,0.0128,-0.0027,0.0008,0.0003
-14,-53,0.0132,-0.0027,0.0005,0.0003
-14,-52,0.0132,-0.0028,0.0005,0.0002
-14,-51,0.0133,-0.0028,0.0005,0.0002
-14,-50,0.0132,-0.0029,0.0006,0.0002
-14,-49,0.0127,-0.0027,0.0002,0.0003
-14,-48,0.0126,-0.0027,0.0002,0.0001
-14,-47,0.013,-0.0024,0.0003,0.0003
-14,-46,0.0131,-0.0028,0.0003,0.001
-14,-45,0.0131,-0.0028,0.0003,0.001
-14,-44,0.0131,-0.0029,0.0003,0.001
-14,-43,0.0128,-0.0033,0.0003,0.0009
-14,-42,0.0128,-0.0033,0.0003,0.0009
-14,-41,0.0129,-0.0034,0.0005,0.0008
-14,-40,0.013,-0.003,0.0005,0.0005
-14,-39,0.0132,-0.0032,0.0004,0.0006
-15,-76,0.0144,0.0153,0.0004,0.0049
-15,-75,0.0138,0.0128,0.0009,0.0051
-15,-74,0.0141,0.0112,0.001,0.0026
-15,-73,0.0137,0.0101,0.0011,0.0029
-15,-72,0.0136,0.0082,0.0002,0.0005
-15,-71,0.0127,0.0079,0.0001,0.0015
-15,-70,0.0127,0.0064,0.0003,0.0028
-15,-69,0.0122,0.0026,0.0004,0.0009
-15,-68,0.0123,0.0026,0.0004,0.0009
-15,-67,0.0124,0.0024,0.0003,0.0008
-15,-66,0.0125,0.002,0.0002,0.0002
-15,-65,0.0122,0.0011,0.0008,0.0014
-15,-64,0.0116,-0.0003,0.0006,0.0018
-15,-63,0.0112,-0.0017,0.0002,0.0003
-15,-62,0.0113,-0.0017,0.0002,0.0002
-15,-61,0.0113,-0.0018,0.0002,0.0002
-15,-60,0.0114,-0.0021,0.0002,0.0002
-15,-59,0.0116,-0.0022,0.0002,0.0002
-15,-58,0.0116,-0.0023,0.0002,0.0002
-15,-57,0.012,-0.0025,0.0006,0.0002
-15,-56,0.0122,-0.0025,0.0006,0.0003
-15,-55,0.0124,-0.0026,0.0005,0.0003
-15,-54,0.0127,-0.0026,0.0009,0.0002
-15,-53,0.0127,-0.0026,0.0008,0.0002
-15,-52,0.013,-0.0026,0.0006,0.0001
-15,-51,0.0131,-0.0026,0.0007,0.0001
-15,-50,0.0127,-0.0025,0.0002,0.0001
-15,-49,0.0129,-0.0026,0.0005,0.0002
-15,-48,0.0126,-0.0026,0.0002,0.0001
-15,-47,0.0129,-0.0024,0.0003,0.0003
-15,-46,0.0134,-0.0026,0.0004,0.0003
-15,-45,0.0133,-0.0023,0.0001,0.0002
-15,-44,0.0132,-0.0023,0,0.0002
-15,-43,0.0134,-0.0032,0.0005,0.0007
-15,-42,0.0128,-0.0033,0.0003,0.0009
-15,-41,0.0131,-0.0029,0.0004,0.0007
-15,-40,0.013,-0.0033,0.0004,0.0006
-15,-39,0.013,-0.0032,0.0005,0.0005
-16,-75,0.0135,0.0104,0.0011,0.0029
-16,-74,0.0136,0.0103,0.0011,0.0029
-16,-73,0.0136,0.0085,0.0002,0.0005
-16,-72,0.0125,0.0116,0.0002,0.0063
-16,-71,0.0126,0.0116,0.0002,0.0063
-16,-70,0.0122,0.0073,0.0012,0.0017
-16,-69,0.0117,0.0034,0.001,0.0014
-16,-68,0.0123,0.0027,0.0004,0.0009
-16,-67,0.0125,0.0021,0.0002,0.0002
-16,-66,0.0125,0.0021,0.0002,0.0002
-16,-65,0.0116,0.0018,0.0006,0.0021
-16,-64,0.0117,0.0016,0.0006,0.0021
-16,-63,0.0116,-0.0003,0.0007,0.0018
-16,-62,0.0113,-0.0016,0.0002,0.0002
-16,-61,0.0113,-0.0017,0.0002,0.0002
-16,-60,0.0114,-0.0019,0.0002,0.0004
-16,-59,0.0116,-0.0021,0.0002,0.0002
-16,-58,0.0116,-0.0022,0.0002,0.0002
-16,-57,0.012,-0.0024,0.0006,0.0002
-16,-56,0.0124,-0.0025,0.0005,0.0003
-16,-55,0.0127,-0.0026,0.0007,0.0002
-16,-54,0.0122,-0.0025,0.0004,0.0002
-16,-53,0.013,-0.0025,0.0006,0.0001
-16,-52,0.0129,-0.0026,0.0005,0.0001
-16,-51,0.0126,-0.0025,0.0002,0.0001
-16,-50,0.0127,-0.0025,0.0002,0.0001
-16,-49,0.0126,-0.0026,0.0003,0.0003
-16,-48,0.0126,-0.0027,0.0003,0.0003
-16,-47,0.013,-0.0027,0.0005,0.0004
-16,-46,0.0133,-0.0026,0.0001,0.0001
-16,-45,0.0134,-0.0024,0,0.0002
-16,-44,0.0135,-0.0026,0,0.0002
-16,-43,0.0136,-0.0026,0,0.0002
-16,-42,0.0133,-0.0029,0.0006,0.0003
-16,-41,0.013,-0.003,0.0005,0.0007
-16,-40,0.013,-0.0031,0.0005,0.0007
-16,-39,0.013,-0.0032,0.0005,0.0007
-17,-73,0.0123,0.0123,0.0002,0.0072
-17,-72,0.0125,0.0118,0.0002,0.0063
-17,-71,0.012,0.0098,0.0016,0.0058
-17,-70,0.0109,0.0079,0.003,0.0062
-17,-69,0.0105,0.0038,0.0033,0.0036
-17,-68,0.0119,0.0031,0.0008,0.0013
-17,-67,0.0122,0.0028,0.0004,0.001
-17,-66,0.0125,0.003,0.0008,0.0014
-17,-65,0.0116,0.002,0.0006,0.002
-17,-64,0.0117,0.0015,0.0006,0.002
-17,-63,0.0116,-0.0002,0.0007,0.0018
-17,-62,0.0117,-0.0008,0.0006,0.0017
-17,-61,0.0113,-0.0016,0.0002,0.0003
-17,-60,0.0114,-0.0018,0.0002,0.0004
-17,-59,0.0115,-0.0018,0.0002,0.0004
-17,-58,0.0116,-0.0021,0.0002,0.0002
-17,-57,0.0123,-0.002,0.0013,0.0005
-17,-56,0.0125,-0.0021,0.0009,0.0004
-17,-55,0.0127,-0.0021,0.001,0.0005
-17,-54,0.0122,-0.0025,0.0004,0.0002
-17,-53,0.0124,-0.0024,0.0004,0.0002
-17,-52,0.0125,-0.0024,0.0002,0.0001
-17,-51,0.0126,-0.0025,0.0002,0.0001
-17,-50,0.0126,-0.0025,0.0002,0.0002
-17,-49,0.0126,-0.0026,0.0003,0.0003
-17,-48,0.0126,-0.0027,0.0003,0.0003
-17,-47,0.0128,-0.0027,0.0004,0.0003
-17,-46,0.0133,-0.0026,0.0001,0.0001
-17,-45,0.0136,-0.0025,0.0001,0.0002
-17,-44,0.0138,-0.0027,0,0.0002
-17,-43,0.0139,-0.0029,0,0.0002
-17,-42,0.0137,-0.0031,0,0
-17,-41,0.0129,-0.0034,0.0003,0.0002
-17,-40,0.013,-0.0031,0.0005,0.0007
-17,-39,0.013,-0.0032,0.0005,0.0007
-18,-72,0.0117,0.0108,0.0016,0.006
-18,-71,0.0109,0.0092,0.0029,0.0064
-18,-70,0.0084,0.0049,0.0031,0.007
-18,-69,0.0094,0.003,0.0025,0.0035
-18,-68,0.0115,0.0021,0.0025,0.0026
-18,-67,0.0118,0.0027,0.0007,0.0019
-18,-66,0.0127,0.0029,0.001,0.0019
-18,-65,0.0125,0.0024,0.0013,0.0027
-18,-64,0.0126,0.0024,0.0013,0.0027
-18,-63,0.0127,0.0023,0.0013,0.0027
-18,-62,0.0117,-0.0002,0.0007,0.0018
-18,-61,0.0118,-0.0007,0.0006,0.0015
-18,-60,0.0113,-0.0017,0,0.0004
-18,-59,0.0114,-0.0018,0,0.0004
-18,-58,0.0123,-0.0018,0.0013,0.0005
-18,-57,0.0125,-0.0019,0.0013,0.0005
-18,-56,0.0128,-0.002,0.001,0.0005
-18,-55,0.0128,-0.002,0.0011,0.0005
-18,-54,0.0131,-0.002,0.0009,0.0004
-18,-53,0.013,-0.0021,0.0008,0.0004
-18,-52,0.0126,-0.0023,0.0001,0.0002
-18,-51,0.0126,-0.0023,0.0002,0.0002
-18,-50,0.0125,-0.0027,0.0003,0.0003
-18,-49,0.0125,-0.0028,0.0003,0.0003
-18,-48,0.0125,-0.0028,0.0003,0.0003
-18,-47,0.0128,-0.0029,0.0005,0.0002
-18,-46,0.0131,-0.0029,0.0005,0.0003
-18,-45,0.0135,-0.0028,0,0.0001
-18,-44,0.0135,-0.0036,0.0001,0.0002
-18,-43,0.0136,-0.0031,0,0
-18,-42,0.0134,-0.0033,0.0004,0.0003
-18,-41,0.0132,-0.0035,0.0002,0.0002
-18,-40,0.0131,-0.0036,0.0002,0.0002
-18,-39,0.0132,-0.0037,0.0002,0.0002
-19,-71,0.0099,0.008,0.0037,0.0082
-19,-70,0.0093,0.0018,0.0031,0.0034
-19,-69,0.01,0.0017,0.0034,0.0029
-19,-68,0.0125,0.0014,0.0035,0.0028
-19,-67,0.014,0.0024,0.0018,0.0028
-19,-66,0.0136,0.0037,0.0018,0.0022
-19,-65,0.0125,0.0025,0.0013,0.0027
-19,-64,0.0126,0.0025,0.0013,0.0027
-19,-63,0.012,0.0005,0.0006,0.0015
-19,-62,0.0122,0.0006,0.0012,0.0026
-19,-61,0.0116,-0.0011,0.0005,0.0005
-19,-60,0.0117,-0.0011,0.0005,0.0005
-19,-59,0.0121,-0.0016,0.0012,0.0005
-19,-58,0.0122,-0.0017,0.0012,0.0004
-19,-57,0.0125,-0.0016,0.0013,0.0005
-19,-56,0.0126,-0.0017,0.0013,0.0005
-19,-55,0.0128,-0.0018,0.0011,0.0004
-19,-54,0.0132,-0.0018,0.0009,0.0004
-19,-53,0.0132,-0.0019,0.0009,0.0004
-19,-52,0.0123,-0.0021,0.0004,0.0004
-19,-51,0.0127,-0.0023,0.0002,0.0002
-19,-50,0.0127,-0.0024,0.0004,0.0004
-19,-49,0.0127,-0.0027,0.0004,0.0003
-19,-48,0.0127,-0.0029,0.0005,0.0002
-19,-47,0.0128,-0.0028,0.0005,0
-19,-46,0.0131,-0.0031,0.0001,0.0009
-19,-45,0.0134,-0.0033,0.0003,0.0007
-19,-44,0.0129,-0.0033,0.0006,0.0009
-19,-43,0.0127,-0.0035,0.0006,0.001
-19,-42,0.0129,-0.0034,0.0007,0.0008
-19,-41,0.0133,-0.0034,0.0002,0.0002
-19,-40,0.0132,-0.0035,0.0002,0.0002
-19,-39,0.0132,-0.0036,0.0002,0.0002
-20,-71,0.0116,0.0128,0.0022,0.0102
-20,-70,0.0123,0.0014,0.0031,0.0031
-20,-69,0.0147,0.0019,0.003,0.0035
-20,-68,0.017,0.0049,0.0021,0.0033
-20,-67,0.0162,0.0041,0.0025,0.0035
-20,-66,0.0159,0.0044,0.0017,0.0024
-20,-65,0.0144,0.0044,0.0021,0.003
-20,-64,0.0135,0.0027,0.0023,0.0033
-20,-63,0.0134,0.0039,0.0021,0.0042
-20,-62,0.0131,0.0021,0.0021,0.0049
-20,-61,0.0117,-0.0019,0.0005,0.0018
-20,-60,0.0118,-0.0019,0.0005,0.0018
-20,-59,0.0124,-0.0011,0.0013,0.0002
-20,-58,0.0124,-0.0015,0.0013,0.0005
-20,-57,0.012,-0.0016,0.0014,0.0004
-20,-56,0.0122,-0.0014,0.0016,0.0002
-20,-55,0.0122,-0.0015,0.0016,0.0002
-20,-54,0.0129,-0.0016,0.0011,0.0002
-20,-53,0.0131,-0.0015,0.0011,0.0002
-20,-52,0.0123,-0.0018,0.0004,0.0003
-20,-51,0.0126,-0.002,0.0005,0.0003
-20,-50,0.0128,-0.0023,0.0002,0.0002
-20,-49,0.0126,-0.0026,0.0004,0.0003
-20,-48,0.0126,-0.0027,0.0004,0.0003
-20,-47,0.0127,-0.0027,0.0005,0.0003
-20,-46,0.0133,-0.0035,0.0002,0.0008
-20,-45,0.0133,-0.0036,0.0002,0.0008
-20,-44,0.0129,-0.0034,0.0007,0.0009
-20,-43,0.0127,-0.0034,0.0006,0.001
-20,-42,0.0129,-0.003,0.0008,0.0003
-20,-41,0.0133,-0.0033,0.0002,0.0001
-20,-40,0.0133,-0.0034,0.0002,0.0001
-21,-71,0.0142,0.0201,0.0015,0.0129
-21,-70,0.015,0.0213,0.0017,0.0119
-21,-69,0.0159,0.0114,0.0029,0.0117
-21,-68,0.0179,0.0105,0.001,0.006
-21,-67,0.0181,0.0076,0.001,0.0049
-21,-66,0.0164,0.0086,0.0021,0.0032
-21,-65,0.014,0.0058,0.0022,0.0036
-21,-64,0.0137,0.0057,0.0022,0.0036
-21,-63,0.0121,0.0032,0.0008,0.005
-21,-62,0.0117,-0.0017,0.0005,0.0018
-21,-61,0.0117,-0.0018,0.0005,0.0018
-21,-60,0.0118,-0.0019,0.0005,0.0018
-21,-59,0.0125,-0.0022,0.0012,0.0013
-21,-58,0.0125,-0.0022,0.0012,0.0013
-21,-57,0.0121,-0.0013,0.0016,0.0002
-21,-56,0.0122,-0.0014,0.0016,0.0002
-21,-55,0.0122,-0.0015,0.0016,0.0002
-21,-54,0.0122,-0.0015,0.0016,0.0002
-21,-53,0.0124,-0.0015,0.0014,0.0002
-21,-52,0.0122,-0.002,0.0008,0.0004
-21,-51,0.0127,-0.0022,0.0004,0.0004
-21,-50,0.0126,-0.0023,0.0004,0.0003
-21,-49,0.0127,-0.0025,0.0003,0.0001
-21,-48,0.0127,-0.0025,0.0003,0
-21,-47,0.013,-0.0027,0.0005,0.0002
-21,-46,0.0135,-0.0028,0.0001,0.0003
-21,-45,0.0132,-0.0036,0.0002,0.0007
-21,-44,0.0128,-0.0034,0.0007,0.0009
-21,-43,0.0126,-0.0034,0.0006,0.001
-21,-42,0.0128,-0.003,0.0007,0.0003
-21,-41,0.0128,-0.0031,0.0007,0.0003
-21,-40,0.0129,-0.0033,0.0007,0.0003
-22,-71,0.0169,0.0314,0.0028,0.0022
-22,-70,0.0151,0.0245,0.0023,0.0109
-22,-69,0.017,0.0204,0.0016,0.0075
-22,-68,0.0179,0.0126,0.0011,0.0067
-22,-67,0.0173,0.0129,0.0019,0.0038
-22,-66,0.0163,0.0109,0.0023,0.0027
-22,-65,0.0142,0.0068,0.0025,0.0052
-22,-64,0.013,0.0045,0.0018,0.0041
-22,-63,0.0123,0.0021,0.0007,0.006
-22,-62,0.0124,0.002,0.0007,0.006
-22,-61,0.0124,0.0019,0.0007,0.006
-22,-60,0.0118,-0.0019,0.0004,0.0018
-22,-59,0.0125,-0.0017,0.001,0.0016
-22,-58,0.0125,-0.0022,0.0012,0.0013
-22,-57,0.0121,-0.0012,0.0016,0.0002
-22,-56,0.0122,-0.0013,0.0016,0.0002
-22,-55,0.0122,-0.0014,0.0016,0.0002
-22,-54,0.0122,-0.0015,0.0016,0.0002
-22,-53,0.0124,-0.0018,0.0015,0.0003
-22,-52,0.0125,-0.0019,0.0011,0.0003
-22,-51,0.0129,-0.002,0.0008,0.0005
-22,-50,0.0125,-0.002,0.0004,0.0005
-22,-49,0.0126,-0.0022,0.0003,0.0005
-22,-48,0.0127,-0.0023,0.0004,0.0004
-22,-47,0.0131,-0.0027,0.0007,0.0005
-22,-46,0.0134,-0.0029,0.0007,0.0003
-22,-45,0.0136,-0.0029,0.0007,0.0003
-22,-44,0.0129,-0.0027,0.0007,0.0004
-22,-43,0.0128,-0.0027,0.0008,0.0003
-22,-42,0.0128,-0.0028,0.0008,0.0003
-22,-41,0.0128,-0.0031,0.0007,0.0003
-23,-71,0.0174,0.0319,0.0028,0.0022
-23,-70,0.0172,0.029,0.0025,0.0052
-23,-69,0.0172,0.0252,0.0023,0.0076
-23,-68,0.0172,0.0166,0.001,0.0021
-23,-67,0.0166,0.0147,0.0021,0.0028
-23,-66,0.0149,0.0124,0.002,0.0021
-23,-65,0.0127,0.0049,0.0005,0.0042
-23,-64,0.0128,0.0048,0.0005,0.0042
-23,-63,0.0123,0.0022,0.0007,0.006
-23,-62,0.0124,0.0021,0.0007,0.006
-23,-61,0.0124,0.0007,0.0007,0.0051
-23,-60,0.0122,-0.0018,0.0004,0.0017
-23,-59,0.0121,-0.0017,0.0005,0.0016
-23,-58,0.0125,-0.0022,0.0012,0.0013
-23,-57,0.013,-0.0012,0.0021,0.0002
-23,-56,0.0122,-0.0012,0.0016,0.0002
-23,-55,0.013,-0.0014,0.0021,0.0002
-23,-54,0.0122,-0.0016,0.0017,0.0001
-23,-53,0.0127,-0.0019,0.0016,0.0001
-23,-52,0.0125,-0.0019,0.0013,0.0004
-23,-51,0.0129,-0.0019,0.0009,0.0006
-23,-50,0.0124,-0.0015,0.0002,0.0004
-23,-49,0.0126,-0.002,0.0003,0.0006
-23,-48,0.0127,-0.0021,0.0007,0.0006
-23,-47,0.0131,-0.0026,0.0007,0.0005
-23,-46,0.0135,-0.0029,0.0007,0.0003
-23,-45,0.0136,-0.0029,0.0008,0.0004
-23,-44,0.0134,-0.0029,0.0009,0.0004
-23,-43,0.013,-0.0028,0.0006,0.0003
-23,-42,0.0131,-0.0029,0.0006,0.0003
-24,-71,0.0181,0.0324,0.0023,0.0021
-24,-70,0.0177,0.0275,0.0019,0.0064
-24,-69,0.0177,0.0242,0.002,0.0072
-24,-68,0.0167,0.0185,0.0003,0.0014
-24,-67,0.015,0.0113,0.0021,0.0044
-24,-66,0.0141,0.0104,0.0016,0.0049
-24,-65,0.0127,0.005,0.0005,0.0042
-24,-64,0.0128,0.0049,0.0005,0.0042
-24,-63,0.0124,0,0.0008,0.0032
-24,-62,0.0125,-0.0009,0.0008,0.0031
-24,-61,0.0124,-0.0005,0.0007,0.0028
-24,-60,0.0122,-0.0017,0.0004,0.0017
-24,-59,0.012,-0.0021,0.0005,0.0015
-24,-58,0.012,-0.0022,0.0005,0.0015
-24,-57,0.0127,-0.0014,0.0019,0.0001
-24,-56,0.0127,-0.0014,0.0023,0.0001
-24,-55,0.0127,-0.0015,0.0023,0.0001
-24,-54,0.0136,-0.0016,0.0023,0.0001
-24,-53,0.0137,-0.0017,0.0023,0.0001
-24,-52,0.0136,-0.0019,0.002,0.0001
-24,-51,0.0134,-0.0017,0.001,0.0005
-24,-50,0.0132,-0.0017,0.001,0.0006
-24,-49,0.0128,-0.0018,0.0007,0.0006
-24,-48,0.0131,-0.0024,0.0007,0.0006
-24,-47,0.0134,-0.0027,0.0008,0.0005
-24,-46,0.0136,-0.0029,0.0008,0.0004
-25,-71,0.0182,0.0289,0.0022,0.0065
-25,-70,0.0184,0.0288,0.0022,0.0065
-25,-69,0.0175,0.0218,0.002,0.0068
-25,-68,0.016,0.0161,0.0016,0.0061
-25,-67,0.0155,0.0133,0.0017,0.0065
-25,-66,0.0129,0.0078,0.0024,0.0065
-25,-65,0.0127,0.0063,0.0005,0.0029
-25,-64,0.0123,0.0016,0.0008,0.0034
-25,-63,0.0124,0.001,0.0008,0.0034
-25,-62,0.0116,-0.0002,0.0017,0.0034
-25,-61,0.0118,-0.0004,0.0016,0.0031
-25,-60,0.0123,-0.0016,0.0005,0.0014
-25,-59,0.0126,-0.0023,0.0007,0.0014
-25,-58,0.0126,-0.0022,0.0007,0.0014
-25,-57,0.0121,-0.0013,0.0015,0.0001
-25,-56,0.0132,-0.0015,0.0023,0.0001
-25,-55,0.0132,-0.0016,0.0023,0.0001
-25,-54,0.013,-0.0017,0.0023,0.0001
-25,-53,0.0146,-0.0018,0.0011,0.0001
-25,-52,0.0146,-0.0019,0.0011,0.0001
-25,-51,0.014,-0.0021,0.0006,0.0001
-25,-50,0.0134,-0.0023,0.0004,0.0001
-25,-49,0.0134,-0.0024,0.0004,0.0001
-25,-48,0.0133,-0.0025,0.0004,0.0001
-25,-47,0.0135,-0.0028,0.0006,0.0004
-26,-71,0.0187,0.0262,0.0019,0.0067
-26,-70,0.0189,0.0261,0.0019,0.0067
-26,-69,0.0149,0.0144,0.0041,0.01
-26,-68,0.0148,0.0132,0.0035,0.0089
-26,-67,0.0127,0.0075,0.0032,0.0085
-26,-66,0.0115,0.0029,0.0014,0.0017
-26,-65,0.0123,0.0037,0.0006,0.0004
-26,-64,0.0112,0.0011,0.0021,0.0037
-26,-63,0.0107,-0.0015,0.0017,0.0033
-26,-62,0.0112,-0.0014,0.0016,0.0029
-26,-61,0.011,-0.0027,0.0016,0.0014
-26,-60,0.0123,-0.0021,0.0005,0.0014
-26,-59,0.0126,-0.002,0.0007,0.0013
-26,-58,0.013,-0.0011,0.0004,0
-26,-57,0.0121,-0.0012,0.0015,0.0001
-26,-56,0.0133,-0.0013,0.002,0.0001
-26,-55,0.0132,-0.0015,0.0023,0.0001
-26,-54,0.013,-0.0011,0.0023,0.0007
-26,-53,0.0131,-0.0014,0.002,0.0006
-26,-52,0.014,-0.0013,0.0013,0.0006
-26,-51,0.0134,-0.0016,0.0004,0.0006
-26,-50,0.0134,-0.0021,0.0004,0.0001
-26,-49,0.0133,-0.0023,0.0004,0.0001
-26,-48,0.0133,-0.0024,0.0004,0.0001
-27,-71,0.018,0.0225,0.0008,0.0013
-27,-70,0.0182,0.0224,0.0007,0.0012
-27,-69,0.0149,0.0144,0.0041,0.01
-27,-68,0.0149,0.0143,0.0041,0.01
-27,-67,0.0109,0.0025,0.0012,0.0017
-27,-66,0.0101,0.0005,0.0015,0.0029
-27,-65,0.0106,0.0011,0.0014,0.0028
-27,-64,0.0106,0.0006,0.0017,0.0035
-27,-63,0.0108,0.0008,0.0017,0.0035
-27,-62,0.0112,-0.0014,0.0016,0.0029
-27,-61,0.011,-0.0027,0.0017,0.0014
-27,-60,0.0124,-0.0017,0.0005,0.0013
-27,-59,0.0128,-0.0009,0.0003,0
-27,-58,0.013,-0.001,0.0004,0
-27,-57,0.0125,-0.0011,0.0013,0.0001
-27,-56,0.0124,-0.0012,0.0016,0.0001
-27,-55,0.0124,-0.0014,0.0016,0.0001
-27,-54,0.0125,-0.0012,0.0014,0.0006
-27,-53,0.0122,-0.0012,0.0014,0.0006
-27,-52,0.0131,-0.0013,0.0001,0.0006
-27,-51,0.0132,-0.0014,0.0001,0.0006
-27,-50,0.0136,-0.0021,0.0007,0.0002
-27,-49,0.0136,-0.0022,0.0007,0.0002
-27,-48,0.0136,-0.0024,0.0008,0.0002
-28,-72,0.0178,0.0226,0.0008,0.0014
-28,-71,0.018,0.0228,0.0008,0.0013
-28,-70,0.0171,0.0199,0.0036,0.0087
-28,-69,0.016,0.0167,0.0043,0.0102
-28,-68,0.012,0.006,0.0039,0.0096
-28,-67,0.0101,0.001,0.0011,0.0023
-28,-66,0.0101,0.0006,0.0015,0.0029
-28,-65,0.0102,0.0004,0.0015,0.0029
-28,-64,0.0099,-0.0008,0.0015,0.0031
-28,-63,0.0108,0.0008,0.0017,0.0035
-28,-62,0.0111,-0.0005,0.0018,0.0029
-28,-61,0.0113,-0.0018,0.0019,0.0016
-28,-60,0.0122,-0.0017,0.0016,0.0013
-28,-59,0.0129,-0.0009,0.0003,0
-28,-58,0.013,-0.001,0.0004,0
-28,-57,0.0132,-0.0011,0.0004,0
-28,-56,0.0124,-0.0012,0.0016,0.0001
-28,-55,0.0124,-0.0013,0.0016,0.0001
-28,-54,0.0127,-0.0012,0.0013,0.0006
-28,-53,0.0122,-0.0011,0.0014,0.0006
-28,-52,0.0132,-0.0011,0.0002,0.0006
-28,-51,0.0136,-0.0014,0.0007,0.0006
-28,-50,0.0137,-0.002,0.0007,0.0002
-28,-49,0.0135,-0.0021,0.0007,0.0002
-28,-48,0.0136,-0.0023,0.0008,0.0002
-29,-72,0.0185,0.0157,0.0004,0.0139
-29,-71,0.0185,0.0194,0.0003,0.01
-29,-70,0.0179,0.009,0.0017,0.0149
-29,-69,0.0177,0.0137,0.0016,0.0149
-29,-68,0.0124,0.0074,0.0044,0.0109
-29,-67,0.0101,0.0011,0.0011,0.0023
-29,-66,0.0101,0.001,0.0011,0.0023
-29,-65,0.0098,-0.0004,0.0015,0.0032
-29,-64,0.0099,-0.0005,0.0015,0.0032
-29,-63,0.0108,-0.0011,0.0015,0.0027
-29,-62,0.0113,-0.0018,0.0017,0.0015
-29,-61,0.0126,-0.0012,0.0002,0.0007
-29,-60,0.0127,-0.0013,0.0002,0.0007
-29,-59,0.0127,-0.001,0.0002,0.0004
-29,-58,0.0131,-0.0012,0.0005,0.0006
-29,-57,0.0136,-0.0015,0.0004,0.0007
-29,-56,0.0137,-0.0016,0.0004,0.0007
-29,-55,0.0136,-0.0018,0.0004,0.0007
-29,-54,0.0136,-0.0019,0.0004,0.0007
-29,-53,0.0134,-0.0011,0.0002,0.0006
-29,-52,0.0133,-0.0012,0.0002,0.0006
-29,-51,0.0136,-0.0013,0.0007,0.0006
-29,-50,0.0138,-0.0018,0.0007,0.0003
-29,-49,0.0137,-0.0021,0.0007,0.0002
-30,-72,0.0189,0.0161,0.0031,0.0121
-30,-71,0.0175,0.0023,0.0019,0.0109
-30,-70,0.0177,0.0021,0.0019,0.0109
-30,-69,0.0178,0.002,0.0019,0.0109
-30,-68,0.0158,0.0012,0.0041,0.0133
-30,-67,0.0124,-0.002,0.0033,0.0045
-30,-66,0.0108,-0.0013,0.001,0.0013
-30,-65,0.0109,-0.0015,0.001,0.0013
-30,-64,0.011,-0.0016,0.001,0.0013
-30,-63,0.0107,-0.0024,0.0016,0.0016
-30,-62,0.0122,-0.002,0.0004,0.0013
-30,-61,0.0126,-0.0013,0.0002,0.0007
-30,-60,0.0127,-0.0014,0.0002,0.0007
-30,-59,0.0128,-0.0015,0.0002,0.0007
-30,-58,0.0132,-0.0015,0.0006,0.0006
-30,-57,0.0138,-0.0021,0.0005,0.0009
-30,-56,0.0139,-0.0023,0.0005,0.0009
-30,-55,0.014,-0.0025,0.0004,0.0008
-30,-54,0.0137,-0.0021,0.0004,0.0007
-30,-53,0.0132,-0.0018,0.0005,0.0007
-30,-52,0.0132,-0.0019,0.0005,0.0007
-30,-51,0.0133,-0.0018,0.0004,0.0006
-30,-50,0.0138,-0.0017,0.0007,0.0003
-31,-72,0.0191,0.0214,0.0039,0.0046
-31,-71,0.0181,0.0098,0.0032,0.0137
-31,-70,0.0165,-0.0012,0.0021,0.0111
-31,-69,0.0165,-0.0076,0.0021,0.0019
-31,-68,0.0166,-0.0077,0.0021,0.0019
-31,-67,0.0148,-0.0063,0.0028,0.0024
-31,-66,0.0118,-0.0029,0.0004,0.0026
-31,-65,0.0113,-0.0025,0.0011,0.0024
-31,-64,0.0116,-0.0026,0.0011,0.0022
-31,-63,0.0121,-0.0018,0.0004,0.0013
-31,-62,0.0121,-0.0019,0.0004,0.0011
-31,-61,0.0123,-0.0017,0.0004,0.0005
-31,-60,0.0124,-0.0019,0.0004,0.0004
-31,-59,0.0126,-0.002,0.0002,0.0005
-31,-58,0.0127,-0.0014,0.0002,0.0007
-31,-57,0.0134,-0.0022,0.0007,0.0008
-31,-56,0.0139,-0.0023,0.0005,0.0009
-31,-55,0.0137,-0.0022,0.0005,0.0008
-31,-54,0.0133,-0.0023,0.0006,0.0008
-31,-53,0.0132,-0.0023,0.0005,0.0005
-31,-52,0.0132,-0.0018,0.0005,0.0007
-31,-51,0.0133,-0.0019,0.0005,0.0007
-31,-50,0.0136,-0.0022,0.0009,0.0007
-32,-72,0.0193,0.0158,0.0036,0.0058
-32,-71,0.0189,0.0101,0.0031,0.0098
-32,-70,0.0179,0.0038,0.0033,0.0111
-32,-69,0.0151,-0.0037,0.0021,0.0075
-32,-68,0.0157,-0.0057,0.0022,0.0026
-32,-67,0.0139,-0.0061,0.0013,0.0027
-32,-66,0.0118,-0.0028,0.0004,0.0026
-32,-65,0.0119,-0.0029,0.0004,0.0026
-32,-64,0.012,-0.003,0.0004,0.0026
-32,-63,0.0121,-0.0017,0.0004,0.0013
-32,-62,0.0121,-0.0013,0.0004,0.0008
-32,-61,0.0123,-0.0016,0.0004,0.0005
-32,-60,0.0124,-0.0018,0.0004,0.0004
-32,-59,0.0126,-0.0019,0.0004,0.0004
-32,-58,0.0127,-0.0015,0.0002,0.0006
-32,-57,0.0129,-0.0017,0.0006,0.0009
-32,-56,0.0132,-0.0019,0.0007,0.001
-32,-55,0.0133,-0.0018,0.0007,0.0011
-32,-54,0.0133,-0.0024,0.0007,0.0008
-32,-53,0.0132,-0.0024,0.0005,0.0002
-32,-52,0.0132,-0.0023,0.0005,0.0008
-32,-51,0.0133,-0.0023,0.0005,0.0008
-33,-72,0.022,0.0117,0.0055,0.0071
-33,-71,0.0198,0.0079,0.0059,0.0091
-33,-70,0.016,0.0005,0.0035,0.0096
-33,-69,0.0153,-0.0024,0.0016,0.0082
-33,-68,0.0136,-0.007,0.0019,0.003
-33,-67,0.0139,-0.0043,0.0015,0.0014
-33,-66,0.0123,-0.0037,0.0004,0.0016
-33,-65,0.0119,-0.0028,0.0004,0.0026
-33,-64,0.012,-0.003,0.0004,0.0026
-33,-63,0.0118,-0.0015,0.0002,0.0006
-33,-62,0.0121,-0.0017,0.0004,0.0011
-33,-61,0.0123,-0.0015,0.0004,0.0005
-33,-60,0.0125,-0.0017,0.0004,0.0004
-33,-59,0.0126,-0.0018,0.0004,0.0004
-33,-58,0.0127,-0.0018,0.0002,0.0004
-33,-57,0.0127,-0.0013,0.0003,0.0009
-33,-56,0.013,-0.0013,0.0004,0.0008
-33,-55,0.0131,-0.0013,0.0004,0.0007
-33,-54,0.0131,-0.0018,0.0005,0.0007
-33,-53,0.0132,-0.0023,0.0005,0.0002
-33,-52,0.0132,-0.0024,0.0005,0.0003
-34,-72,0.023,0.0063,0.0051,0.0123
-34,-71,0.0196,0.0011,0.0049,0.0144
-34,-70,0.0159,-0.0022,0.0049,0.0128
-34,-69,0.0133,-0.0055,0.002,0.0109
-34,-68,0.0126,-0.0075,0.0015,0.003
-34,-67,0.0122,-0.007,0.0007,0.0029
-34,-66,0.0122,-0.0059,0.0006,0.0029
-34,-65,0.0119,-0.006,0.0005,0.0029
-34,-64,0.0128,-0.0039,0.0008,0.0024
-34,-63,0.0127,-0.0036,0.0009,0.0024
-34,-62,0.0128,-0.0026,0.0009,0.0014
-34,-61,0.0127,-0.0023,0.0008,0.0013
-34,-60,0.0127,-0.0017,0.0006,0.0003
-34,-59,0.0128,-0.0019,0.0006,0.0003
-34,-58,0.013,-0.002,0.0004,0.0003
-34,-57,0.013,-0.0016,0.0005,0.0008
-34,-56,0.0131,-0.0012,0.0005,0.0007
-34,-55,0.0132,-0.0016,0.0004,0.0006
-34,-54,0.0133,-0.0017,0.0004,0.0006
-34,-53,0.0135,-0.002,0,0.0003
-35,-73,0.0214,-0.0051,0.0051,0.0125
-35,-72,0.0216,-0.0047,0.0044,0.0135
-35,-71,0.0204,-0.0051,0.005,0.0122
-35,-70,0.0179,-0.0101,0.0043,0.0111
-35,-69,0.0137,-0.0137,0.0022,0.0063
-35,-68,0.012,-0.0074,0.0018,0.0062
-35,-67,0.0116,-0.009,0.0005,0.002
-35,-66,0.0117,-0.0086,0.0005,0.0021
-35,-65,0.0124,-0.007,0.0008,0.0018
-35,-64,0.0134,-0.0054,0.0005,0.0007
-35,-63,0.0132,-0.0043,0.001,0.0019
-35,-62,0.0135,-0.0039,0.0009,0.0017
-35,-61,0.0133,-0.0027,0.001,0.0013
-35,-60,0.0136,-0.0028,0.0007,0.0012
-35,-59,0.0134,-0.0021,0.0006,0.0006
-35,-58,0.0131,-0.0018,0.0003,0.0003
-35,-57,0.0133,-0.002,0.0003,0.0003
-35,-56,0.0133,-0.0017,0.0005,0.0008
-35,-55,0.0132,-0.0014,0.0005,0.0006
-35,-54,0.0135,-0.0018,0,0.0002
-36,-73,0.02,-0.0036,0.0031,0.0132
-36,-72,0.0187,-0.0073,0.0041,0.014
-36,-71,0.0187,-0.0136,0.0031,0.0109
-36,-70,0.019,-0.0191,0.0033,0.006
-36,-69,0.0147,-0.0147,0.0036,0.0056
-36,-68,0.0135,-0.015,0.0028,0.0065
-36,-67,0.0124,-0.0121,0.0015,0.0033
-36,-66,0.013,-0.0071,0.0013,0.0016
-36,-65,0.0133,-0.0063,0.0012,0.0019
-36,-64,0.014,-0.0056,0.0006,0.001
-36,-63,0.0138,-0.0043,0.0002,0.0014
-36,-62,0.014,-0.0042,0.0002,0.0011
-36,-61,0.0137,-0.0033,0.0007,0.0012
-36,-60,0.0138,-0.0033,0.0007,0.0012
-36,-59,0.0135,-0.0022,0.0007,0.0005
-36,-58,0.0137,-0.0023,0.0007,0.0005
-36,-57,0.0133,-0.002,0.0003,0.0003
-36,-56,0.0135,-0.0019,0.0001,0.0005
-37,-74,0.0179,-0.0004,0.0032,0.0108
-37,-73,0.0181,-0.0017,0.0028,0.0121
-37,-72,0.0176,-0.0102,0.0028,0.0123
-37,-71,0.0183,-0.0077,0.003,0.0125
-37,-70,0.0184,-0.0199,0.0032,0.0045
-37,-69,0.0189,-0.0212,0.003,0.0039
-37,-68,0.0178,-0.0139,0.0033,0.0053
-37,-67,0.0142,-0.0072,0.0022,0.0013
-37,-66,0.014,-0.0068,0.0019,0.0014
-37,-65,0.014,-0.0047,0.0005,0.0013
-37,-64,0.014,-0.0055,0.0006,0.001
-37,-63,0.014,-0.0045,0.0003,0.001
-37,-62,0.0142,-0.0034,0.0002,0.0008
-37,-61,0.0142,-0.0035,0.0002,0.0008
-37,-60,0.0142,-0.0029,0.0001,0.0012
-37,-59,0.0143,-0.0023,0.0001,0.0004
-37,-58,0.0143,-0.0023,0.0001,0.0004
-37,-57,0.0141,-0.0024,0.0004,0.0005
-37,-56,0.0141,-0.0022,0.0004,0.0003
-38,-74,0.0174,0.0017,0.0026,0.0116
-38,-73,0.0175,-0.005,0.0025,0.012
-38,-72,0.0178,-0.0057,0.0026,0.0123
-38,-71,0.0178,-0.0106,0.0025,0.0081
-38,-70,0.019,-0.0153,0.0021,0.007
-38,-69,0.0194,-0.0144,0.0023,0.0075
-38,-68,0.0177,-0.0101,0.0033,0.0058
-38,-67,0.0163,-0.0085,0.0032,0.0053
-38,-66,0.0148,-0.0059,0.0012,0.0005
-38,-65,0.0144,-0.0051,0.0007,0.0009
-38,-64,0.0142,-0.005,0.0005,0.0014
-38,-63,0.0143,-0.0051,0.0005,0.0014
-38,-62,0.0141,-0.0039,0.0003,0.0013
-38,-61,0.0143,-0.0027,0.0002,0.0007
-38,-60,0.0143,-0.0025,0.0002,0.0007
-38,-59,0.0143,-0.0021,0.0001,0.0004
-38,-58,0.0142,-0.0022,0.0001,0.0003
-38,-57,0.0143,-0.0024,0.0001,0.0004
-39,-74,0.0171,0.0072,0.0019,0.0103
-39,-73,0.0168,0.0037,0.0019,0.0116
-39,-72,0.0176,-0.003,0.0019,0.0137
-39,-71,0.0186,-0.0069,0.002,0.012
-39,-70,0.0194,-0.0072,0.0024,0.0075
-39,-69,0.0188,-0.0108,0.0024,0.0053
-39,-68,0.0168,-0.0084,0.0019,0.0039
-39,-67,0.0154,-0.0053,0.0009,0.0011
-39,-66,0.0154,-0.0052,0.0009,0.0011
-39,-65,0.0147,-0.0042,0.0004,0.0013
-39,-64,0.0148,-0.0044,0.0004,0.0012
-39,-63,0.0149,-0.0044,0.0004,0.0013
-39,-62,0.0147,-0.0031,0.0005,0.0007
-39,-61,0.0143,-0.0027,0.0002,0.0007
-39,-60,0.0143,-0.0023,0.0002,0.0008
-39,-59,0.0143,-0.0021,0.0001,0.0004
-39,-58,0.0143,-0.0022,0.0001,0.0004
-40,-74,0.0163,0.0145,0.0011,0.0079
-40,-73,0.0174,0.0103,0.0019,0.0093
-40,-72,0.0169,0.0077,0.0022,0.0096
-40,-71,0.0175,0.0049,0.0021,0.0095
-40,-70,0.0185,-0.0036,0.0021,0.0048
-40,-69,0.0186,-0.0037,0.0021,0.0048
-40,-68,0.0153,-0.0051,0.0009,0.0011
-40,-67,0.0154,-0.0052,0.0009,0.0011
-40,-66,0.0154,-0.0052,0.0009,0.0011
-40,-65,0.0152,-0.0045,0.001,0.0014
-40,-64,0.0148,-0.0043,0.0004,0.0013
-40,-63,0.0149,-0.0044,0.0004,0.0013
-40,-62,0.015,-0.0044,0.0004,0.0013
-41,-74,0.0155,0.0157,0.0017,0.0051
-41,-73,0.0152,0.0144,0.0016,0.0048
-41,-72,0.0167,0.0125,0.0028,0.007
-41,-71,0.0165,0.0089,0.0032,0.0049
-41,-70,0.0161,0.0037,0.0037,0.0031
-41,-69,0.0147,0.0002,0.0014,0.0054
-41,-68,0.0136,-0.0027,0.0027,0.0022
-41,-67,0.0137,-0.0036,0.0032,0.0019
-41,-66,0.0137,-0.0037,0.0031,0.0019
-41,-65,0.0142,-0.004,0.0024,0.0017
-41,-64,0.0135,-0.0028,0.0024,0.0007
-41,-63,0.0134,-0.0029,0.0025,0.0007
-41,-62,0.0133,-0.003,0.0025,0.0007
-42,-75,0.015,0.0156,0.0016,0.0057
-42,-74,0.0144,0.0113,0.0017,0.008
-42,-73,0.0136,0.0082,0.0008,0.0062
-42,-72,0.0137,0.008,0.0008,0.0062
-42,-71,0.0138,0.0079,0.0008,0.0062
-42,-70,0.0132,0.0031,0.0006,0.0033
-42,-69,0.0131,0.0004,0.0024,0.0043
-42,-68,0.0133,0.0001,0.0027,0.0048
-42,-67,0.0135,-0.0031,0.0032,0.0019
-42,-66,0.0133,-0.0031,0.0031,0.0019
-42,-65,0.0133,-0.0031,0.0031,0.0018
-42,-64,0.0128,-0.0026,0.0025,0.0007
-42,-63,0.013,-0.0027,0.0025,0.0007
-43,-75,0.013,0.007,0.001,0.006
-43,-74,0.0127,0.0037,0.0006,0.0033
-43,-73,0.0128,0.0036,0.0006,0.0033
-43,-72,0.0129,0.0035,0.0006,0.0033
-43,-71,0.013,0.0033,0.0006,0.0033
-43,-70,0.0132,0.0032,0.0006,0.0033
-43,-69,0.0123,0.0022,0.0019,0.0034
-43,-68,0.0115,0,0.0018,0.0009
-43,-67,0.0125,-0.0014,0.0024,0.0012
-43,-66,0.0122,-0.0009,0.0021,0.0015
-43,-65,0.0111,-0.001,0.0022,0.0018
-43,-64,0.012,-0.0023,0.0024,0.0007
-44,-75,0.0119,0.0023,0.0004,0.0009
-44,-74,0.012,0.0022,0.0004,0.0009
-44,-73,0.0121,0.002,0.0004,0.0009
-44,-72,0.0122,0.0019,0.0004,0.0009
-44,-71,0.0123,0.0017,0.0004,0.0009
-44,-70,0.0125,0.0016,0.0004,0.0009
-44,-69,0.0126,0.0015,0.0004,0.0009
-44,-68,0.0116,0.0001,0.0018,0.0009
-44,-67,0.0113,-0.0002,0.0017,0.0009
-44,-66,0.0124,-0.0008,0.0021,0.0015
-44,-65,0.0123,-0.0004,0.0019,0.0018
-45,-75,0.0119,0.0024,0.0004,0.0009
-45,-74,0.012,0.0023,0.0004,0.0009
-45,-73,0.0121,0.0021,0.0004,0.0009
-45,-72,0.0122,0.0021,0.0004,0.0009
-45,-71,0.0123,0.0019,0.0004,0.0009
-45,-70,0.0125,0.0017,0.0004,0.0009
-45,-69,0.0126,0.0016,0.0004,0.0009
-45,-68,0.0113,0.001,0.0015,0.0014
-45,-67,0.0112,0.0007,0.0015,0.0013
-45,-66,0.0111,0.0004,0.0015,0.0013
-45,-65,0.0128,0.0002,0.0017,0.0019
-46,-74,0.0121,0.0032,0.0006,0.0006
-46,-73,0.0121,0.0031,0.0006,0.0006
-46,-72,0.0122,0.0029,0.0006,0.0006
-46,-71,0.0123,0.0028,0.0006,0.0006
-46,-70,0.0126,0.0026,0.0006,0.0006
-46,-69,0.0127,0.0025,0.0006,0.0006
-46,-68,0.0128,0.0023,0.0006,0.0006
-46,-67,0.0116,0.0014,0.0018,0.0016
-46,-66,0.0115,0.0011,0.0018,0.0016
-47,-75,0.012,0.0035,0.0006,0.0006
-47,-74,0.0121,0.0033,0.0006,0.0006
-47,-73,0.0122,0.0032,0.0006,0.0006
-47,-72,0.0127,0.0032,0.0009,0.0006
-47,-71,0.0129,0.0031,0.0009,0.0006
-47,-70,0.0133,0.0033,0.0011,0.0003
-47,-69,0.0134,0.0032,0.0011,0.0003
-47,-68,0.0135,0.003,0.0011,0.0003
-47,-67,0.0136,0.0029,0.0011,0.0003
-47,-66,0.0126,0.0016,0.0024,0.0018
-47,-65,0.0126,0.0014,0.0024,0.0018
-48,-75,0.0127,0.0042,0.0011,0.0003
-48,-74,0.0128,0.0041,0.0011,0.0003
-48,-73,0.0129,0.0039,0.0011,0.0003
-48,-72,0.013,0.0038,0.0011,0.0003
-48,-71,0.0131,0.0036,0.0011,0.0003
-48,-70,0.0133,0.0035,0.0011,0.0003
-48,-69,0.0134,0.0033,0.0011,0.0003
-48,-68,0.0142,0.0034,0.0016,0.0004
-48,-67,0.0143,0.0032,0.0016,0.0004
-48,-66,0.015,0.0032,0.0012,0.0003
-48,-65,0.0151,0.0031,0.0012,0.0003
-49,-75,0.0127,0.0043,0.0011,0.0003
-49,-74,0.0128,0.0042,0.0011,0.0003
-49,-73,0.0136,0.0042,0.0015,0.0004
-49,-72,0.0138,0.0041,0.0015,0.0003
-49,-71,0.0145,0.0041,0.0012,0.0003
-49,-70,0.0147,0.004,0.0012,0.0003
-49,-69,0.0148,0.0038,0.0012,0.0003
-49,-68,0.0149,0.0037,0.0012,0.0003
-49,-67,0.015,0.0035,0.0012,0.0003
-50,-75,0.014,0.0052,0.001,0.0007
-50,-74,0.0142,0.0047,0.0012,0.0003
-50,-73,0.0143,0.0045,0.0012,0.0003
-50,-72,0.0144,0.0044,0.0012,0.0003
-50,-71,0.0145,0.0042,0.0012,0.0003
-50,-70,0.0147,0.0041,0.0012,0.0003
-50,-69,0.0148,0.0039,0.0012,0.0003
-50,-68,0.0149,0.0038,0.0012,0.0003
-51,-75,0.0145,0.0056,0.0008,0.0007
-51,-74,0.0146,0.0054,0.0008,0.0007
-51,-73,0.0147,0.0053,0.0008,0.0007
-51,-72,0.0148,0.0051,0.0008,0.0007
-51,-71,0.0149,0.0049,0.0008,0.0007
-51,-70,0.0151,0.0048,0.0008,0.0007
-51,-69,0.0152,0.0046,0.0008,0.0007
-52,-74,0.0146,0.0055,0.0008,0.0007
-52,-73,0.0147,0.0054,0.0008,0.0007
-52,-72,0.0148,0.0052,0.0008,0.0007
-52,-71,0.0149,0.0051,0.0008,0.0007
-52,-70,0.0148,0.0054,0.001,0.0006
-52,-69,0.0149,0.0052,0.001,0.0006
-53,-74,0.0141,0.0074,0.001,0.0023
-53,-73,0.0142,0.0074,0.001,0.0023
-53,-72,0.0142,0.0072,0.0009,0.0022
-53,-71,0.0146,0.0057,0.001,0.0006
-53,-70,0.0148,0.0055,0.001,0.0006
-53,-69,0.0149,0.0053,0.001,0.0006
-53,-68,0.015,0.0052,0.001,0.0006
-54,-73,0.0136,0.0081,0.0002,0.0023
-54,-72,0.0138,0.0079,0.0002,0.0023
-54,-71,0.0139,0.0078,0.0002,0.0023
-54,-70,0.0141,0.0076,0.0002,0.0023
-54,-69,0.0141,0.0075,0.0002,0.0023
-54,-68,0.0142,0.0073,0.0002,0.0023
-54,-67,0.0143,0.0071,0.0002,0.0023
-55,-71,0.0138,0.0079,0.0002,0.0023
-55,-70,0.014,0.0077,0.0002,0.0023
-55,-69,0.014,0.0076,0.0002,0.0023
-55,-68,0.0141,0.0074,0.0002,0.0023
-55,-67,0.0143,0.0072,0.0002,0.0023
-55,-66,0.0143,0.007,0.0002,0.0023
